title,stars,quality,imdb_code,keywords,genres,year,eps,type,server_f1,server_f2,vidnode,rapidvideo,streamango,openload1,openload2
Elementary - Season 6,Jonny Lee Miller;Lucy Liu;Aidan Quinn;Jon Michael Hill;Jordan Gelber;Ophelia Lovibond;John Noble;Nelsan Ellis,HD 720,,elementary - season 6;gostream;watchfree;free movies;watch series;series9,Crime;Drama;Mystery,2018,18,series,//vidcloud.icu/streaming.php?id=MjE1NDkz&title=Elementary - Season 6,//vidcloud.icu/streaming.php?id=MjE1NDkz&title=Elementary - Season 6,//vidcloud.icu/load.php?id=MjE1NDkz&title=Elementary - Season 6,https://www.rapidvideo.com/e/FUP987TLD,https://streamango.com/embed/rcrcffqsqtafmmql,https://openload.co/embed/bKxVuy5foAA,
Wentworth - Season 6,Jacqueline Brennan;Katrina Milosevic;Robbie Magasiva;Celia Ireland;Lauri McLennan;Kate Atkinson,HD 720p,,wentworth - season 6;gostream;watchfree;free movies;watch series;series9,Crime;Drama,2018,11,series,//vidcloud.icu/streaming.php?id=MjE1NTUy&title=Wentworth - Season 6,//vidcloud.icu/streaming.php?id=MjE1NTUy&title=Wentworth - Season 6,//vidcloud.icu/load.php?id=MjE1NTUy&title=Wentworth - Season 6,https://www.rapidvideo.com/e/FUUI804MD,https://streamango.com/embed/qsdktactfkteadrm,https://openload.co/embed/dGZBrbVuSxw,
Younger - Season 5,Sutton Foster;Miriam Shor;Hilary Duff;Debi Mazar;Nico Tortorella;Peter Hermann;Molly Bernard,HD,,younger - season 5;gostream;watchfree;free movies;watch series;series9,Comedy;Romance,2018,12,series,//vidcloud.icu/streaming.php?id=MjE1NjEx&title=Younger - Season 5,//vidcloud.icu/streaming.php?id=MjE1NjEx&title=Younger - Season 5,//vidcloud.icu/load.php?id=MjE1NjEx&title=Younger - Season 5,https://www.rapidvideo.com/e/FUQCWH7WI,https://streamango.com/embed/alftnrbqfmmplqcd,https://openload.co/embed/lskplTakEck,
The Outpost - Season 1,Jessica Green;Jake Stormoen;Imogen Waterhouse;Anand Desai-Barochia;Andrew Howard;Robyn Malcolm;Charan Prabhakar,HD,,the outpost - season 1;gostream;watchfree;free movies;watch series;series9,Fantasy,2018,7,series,//vidcloud.icu/streaming.php?id=MjE1NjIz&title=The Outpost - Season 1,//vidcloud.icu/streaming.php?id=MjE1NjIz&title=The Outpost - Season 1,//vidcloud.icu/load.php?id=MjE1NjIz&title=The Outpost - Season 1,https://www.rapidvideo.com/e/FUQJEH16J,https://streamango.com/embed/ffbcsfsmadmeodll,https://openload.co/embed/jl8GJFW_Dlw,
Suits - Season 8,Rick Hoffman;Sarah Rafferty;Gabriel Macht;Patrick J. Adams;Meghan Markle;Gina Torres;Amanda Schull;Wendell Pierce;Aloma Wright,HD 720,,suits - season 8;gostream;watchfree;free movies;watch series;series9,Comedy;Drama,2018,7,series,//vidcloud.icu/streaming.php?id=MjE1NzE3&title=Suits - Season 8,//vidcloud.icu/streaming.php?id=MjE1NzE3&title=Suits - Season 8,//vidcloud.icu/load.php?id=MjE1NzE3&title=Suits - Season 8,https://www.rapidvideo.com/e/FUUI7H3ZQ,https://streamango.com/embed/qmnoprconmrclppa,https://openload.co/embed/tAFJMtiqQOU,
Power - Season 5 ,Lela Loren;Omari Hardwick;Naturi Naughton;Joseph Sikora;Shane Johnson;50 Cent;Rotimi,HD 720,,power - season 5 ;gostream;watchfree;free movies;watch series;series9,Crime;Drama,2018,9,series,//vidcloud.icu/streaming.php?id=MjE2Mjc5&title=Power - Season 5 ,//vidcloud.icu/streaming.php?id=MjE2Mjc5&title=Power - Season 5 ,//vidcloud.icu/load.php?id=MjE2Mjc5&title=Power - Season 5 ,https://www.rapidvideo.com/e/FUV8TYZXQ,https://streamango.com/embed/sqtrtaanqttdqcoo,https://openload.co/embed/QqhwLLgV67c,
Marvel's Cloak & Dagger - Season 1,Olivia Holt;Aubrey Joseph;Gloria Reuben;Andrea Roth;Miles Mussenden;J.D. Evermore;James Saito,HD 720,,marvel's cloak & dagger - season 1;gostream;watchfree;free movies;watch series;series9,Action;Adventure;Drama,2018,10,series,//vidcloud.icu/streaming.php?id=MjEwMTc5&title=Marvel's Cloak & Dagger - Season 1,//vidcloud.icu/streaming.php?id=MjEwMTc5&title=Marvel's Cloak & Dagger - Season 1,//vidcloud.icu/load.php?id=MjEwMTc5&title=Marvel's Cloak & Dagger - Season 1,https://www.rapidvideo.com/e/FUV7X0GAC,https://streamango.com/embed/ofrtnlfnebpcbedd,https://openload.co/embed/Il18ddr57yQ,
Love Island - Season 4,,HD 720p,,love island - season 4;gostream;watchfree;free movies;watch series;series9,Drama;Sci-Fi;TV Show,2015,58,series,//vidcloud.icu/streaming.php?id=MjEwNjYw&title=Love Island - Season 4,//vidcloud.icu/streaming.php?id=MjEwNjYw&title=Love Island - Season 4,//vidcloud.icu/load.php?id=MjEwNjYw&title=Love Island - Season 4,https://www.rapidvideo.com/e/FU03YUS5V,https://streamango.com/embed/noaskpmolttllmtf,https://openload.co/embed/FNBtYjAFj0M,
The 100 - Season 5,Richard Harmon;Devon Bostick;Chelsey Reist;Sachin Sahel;Ricky Whittle;Jarod Joseph;Adina Porter,HD,,the 100 - season 5;gostream;watchfree;free movies;watch series;series9,Drama;Mystery;Sci-Fi,2018,13,series,//vidcloud.icu/streaming.php?id=MjEwNzc4&title=The 100 - Season 5,//vidcloud.icu/streaming.php?id=MjEwNzc4&title=The 100 - Season 5,//vidcloud.icu/load.php?id=MjEwNzc4&title=The 100 - Season 5,https://www.rapidvideo.com/e/FUV7U4OCY,https://streamango.com/embed/tcpblkkabtmqsdkb,https://openload.co/embed/IQ1LlXhn63E,
Reverie - Season 1,Sarah Shahi;Dennis Haysbert;Kathryn Morris;Sendhil Ramamurthy;Jessica Lucas;Jon Fletcher;Gary Kraus;Sasha Compère,HD 720,,reverie - season 1;gostream;watchfree;free movies;watch series;series9,Drama;Thriller,2018,10,series,//vidcloud.icu/streaming.php?id=MjEwODYx&title=Reverie - Season 1,//vidcloud.icu/streaming.php?id=MjEwODYx&title=Reverie - Season 1,//vidcloud.icu/load.php?id=MjEwODYx&title=Reverie - Season 1,https://www.rapidvideo.com/e/FU48T1EF3,https://streamango.com/embed/loflkffcffttsofl,https://openload.co/embed/VX7yCV9ulx4,
Claws - Season 2,Niecy Nash;Carrie Preston;Judy Reyes;Karrueche Tran;Jenn Lyon;Jack Kesy;Dean Norris;Harold Perrineau;Kevin Rankin,HD 720,,claws - season 2;gostream;watchfree;free movies;watch series;series9,Comedy;Crime;Drama,2018,10,series,//vidcloud.icu/streaming.php?id=MjExODAw&title=Claws - Season 2,//vidcloud.icu/streaming.php?id=MjExODAw&title=Claws - Season 2,//vidcloud.icu/load.php?id=MjExODAw&title=Claws - Season 2,https://www.rapidvideo.com/e/FU7UQRRLD,https://streamango.com/embed/omdbcdlsqfaclrlp,https://openload.co/embed/OdB3vz2o_ZA,
Animal Kingdom - Season 3 ,Ellen Barkin;Shawn Hatosy;Ben Robson;Jake Weary;Finn Cole;Scott Speedman;Molly Gordon,HD 720,,animal kingdom - season 3 ;gostream;watchfree;free movies;watch series;series9,Crime;Drama,2018,13,series,//vidcloud.icu/streaming.php?id=MjE0MTY3&title=Animal Kingdom - Season 3 ,//vidcloud.icu/streaming.php?id=MjE0MTY3&title=Animal Kingdom - Season 3 ,//vidcloud.icu/load.php?id=MjE0MTY3&title=Animal Kingdom - Season 3 ,https://www.rapidvideo.com/e/FUPIA0COL,https://streamango.com/embed/salcotbaqapofctr,https://openload.co/embed/CfdqZTK0V64,
Fear the Walking Dead - Season 4,Kim Dickens;Alycia Debnam-Carey;Frank Dillane;Mercedes Mason;Colman Domingo;Ruben Blades;Cliff Curtis;Danay Garcia;Daniel Sharman,HD 720,,fear the walking dead - season 4;gostream;watchfree;free movies;watch series;series9,Drama;Horror;Sci-Fi,2018,11,series,//vidcloud.icu/streaming.php?id=MjE1MjEz&title=Fear the Walking Dead - Season 4,//vidcloud.icu/streaming.php?id=MjE1MjEz&title=Fear the Walking Dead - Season 4,//vidcloud.icu/load.php?id=MjE1MjEz&title=Fear the Walking Dead - Season 4,https://www.rapidvideo.com/e/FUTPD47R4,https://streamango.com/embed/ksfqbbrbqtsetddm,https://openload.co/embed/V2ibUU8yuMY,
Sharp Objects - Season 1,Amy Adams;Patricia Clarkson;Chris Messina;Eliza Scanlen;Matt Craven;April Brinson;Henry Czerny,HD 720,,sharp objects - season 1;gostream;watchfree;free movies;watch series;series9,Crime;Drama;Mystery,2018,8,series,//vidcloud.icu/streaming.php?id=MjE1MjA1&title=Sharp Objects - Season 1,//vidcloud.icu/streaming.php?id=MjE1MjA1&title=Sharp Objects - Season 1,//vidcloud.icu/load.php?id=MjE1MjA1&title=Sharp Objects - Season 1,https://www.rapidvideo.com/e/FUUS1CX61,https://streamango.com/embed/dpmerkcrmtbeoepd,https://openload.co/embed/ddJvw6vbv8Y,
Humans - Season 3 ,,HD,,humans - season 3 ;gostream;watchfree;free movies;watch series;series9,Drama;Sci-Fi,2017,8,series,//vidcloud.icu/streaming.php?id=MTk5MzIz&title=Humans - Season 3 ,//vidcloud.icu/streaming.php?id=MTk5MzIz&title=Humans - Season 3 ,//vidcloud.icu/load.php?id=MTk5MzIz&title=Humans - Season 3 ,https://www.rapidvideo.com/e/FSZW14DBE,https://streamango.com/embed/fecosddcedcockmb,https://openload.co/embed/akFG3q6bRsY,
Anne - Season 2,,HD 720p,,anne - season 2;gostream;watchfree;free movies;watch series;series9,Drama,2017,10,series,//vidcloud.icu/streaming.php?id=MTk5NTEz&title=Anne - Season 2,//vidcloud.icu/streaming.php?id=MTk5NTEz&title=Anne - Season 2,//vidcloud.icu/load.php?id=MTk5NTEz&title=Anne - Season 2,https://www.rapidvideo.com/e/FUUJDY5JU,https://streamango.com/embed/dcoebndktdtbacem,https://openload.co/embed/IshdccgnK28,
Sacred Games - Season 1,Saif Ali Khan;Nawazuddin Siddiqui;Radhika Apte;Neeraj Kabi;Jitendra Joshi;Shalini Vatsa;Rajshri Deshpande,HD 720,,sacred games - season 1;gostream;watchfree;free movies;watch series;series9,Crime;Drama,2018,8,series,//vidcloud.icu/streaming.php?id=MjAxNTI1&title=Sacred Games - Season 1,//vidcloud.icu/streaming.php?id=MjAxNTI1&title=Sacred Games - Season 1,//vidcloud.icu/load.php?id=MjAxNTI1&title=Sacred Games - Season 1,https://www.rapidvideo.com/e/FUUJAOT7K,https://streamango.com/embed/taabbbfpefsleboq,https://openload.co/embed/NTbpO6qg9Fo,
Code Black - Season 3,Melanie Chandra;William Allen Young;Jillian Murray;Emily Tyra;Boris Kodjoe;Raza Jaffrey;Bonnie Somerville;Christina Cannarella;Rob Lowe;Emily Alyn Lind,HD,,code black - season 3;gostream;watchfree;free movies;watch series;series9,Drama,2018,13,series,//vidcloud.icu/streaming.php?id=MjA1MTUy&title=Code Black - Season 3,//vidcloud.icu/streaming.php?id=MjA1MTUy&title=Code Black - Season 3,//vidcloud.icu/load.php?id=MjA1MTUy&title=Code Black - Season 3,https://www.rapidvideo.com/e/FTEWUR53X,https://streamango.com/embed/msncabqrklcsbkoa,https://openload.co/embed/V-fOof715mk,
Pose - Season 1,Evan Peters;Kate Mara;James Van Der Beek;Mj Rodriguez;Dominique Jackson;Billy Porter,HD,,pose - season 1;gostream;watchfree;free movies;watch series;series9,Drama;Musical,2018,8,series,//vidcloud.icu/streaming.php?id=MjA3MjY1&title=Pose - Season 1,//vidcloud.icu/streaming.php?id=MjA3MjY1&title=Pose - Season 1,//vidcloud.icu/load.php?id=MjA3MjY1&title=Pose - Season 1,https://www.rapidvideo.com/e/FTJM8IOEN,https://streamango.com/embed/cekbbclsocaeqsrb,https://openload.co/embed/E0-Vh5dQ9DA,
Poldark (2015) - Season 4,Aidan Turner;Eleanor Tomlinson;Jack Farthing;Heida Reed;Tristan Sturrock;Beatie Edney;Caroline Blakiston;Luke Norris,HD 720,,poldark (2015) - season 4;gostream;watchfree;free movies;watch series;series9,Drama;History;Romance,2018,8,series,//vidcloud.icu/streaming.php?id=MjA5NDgx&title=Poldark (2015) - Season 4,//vidcloud.icu/streaming.php?id=MjA5NDgx&title=Poldark (2015) - Season 4,//vidcloud.icu/load.php?id=MjA5NDgx&title=Poldark (2015) - Season 4,https://www.rapidvideo.com/e/FURBMYNVN,https://streamango.com/embed/leaemsodrodtabpe,https://openload.co/embed/EhcdAqXJ3JU,
Six - Season 2,Barry Sloane;Kyle Schmid;Juan Pablo Raba;Edwin Hodge;Brianne Davis;Dominic Adams;Jessica Garza;Nadine Velazquez,HD 720,,six - season 2;gostream;watchfree;free movies;watch series;series9,Action;Drama;History,2018,10,series,//vidcloud.icu/streaming.php?id=MjEwMDQ3&title=Six - Season 2,//vidcloud.icu/streaming.php?id=MjEwMDQ3&title=Six - Season 2,//vidcloud.icu/load.php?id=MjEwMDQ3&title=Six - Season 2,https://www.rapidvideo.com/e/FTV7013EZ,https://streamango.com/embed/eeetmbtabdnppcko,https://openload.co/embed/ESnlJminnR0,
Sherlock - Season 4,Benedict Cumberbatch,HD,,sherlock - season 4;gostream;watchfree;free movies;watch series;series9,Crime;Drama;Mystery,2016,3,series,//vidcloud.icu/streaming.php?id=Nzc5NDg=&title=Sherlock - Season 4,//vidcloud.icu/streaming.php?id=Nzc5NDg=&title=Sherlock - Season 4,//vidcloud.icu/load.php?id=Nzc5NDg=&title=Sherlock - Season 4,https://www.rapidvideo.com/e/FT11OD4D6,https://streamango.com/embed/doeabtckbsdmkpqb,https://openload.co/embed/-ytGM98iY5g,
Modern Marvels - Season 10,,HD,,modern marvels - season 10;gostream;watchfree;free movies;watch series;series9,Documentary;History,1993,52,series,//vidcloud.icu/streaming.php?id=OTc4NTU=&title=Modern Marvels - Season 10,//vidcloud.icu/streaming.php?id=OTc4NTU=&title=Modern Marvels - Season 10,//vidcloud.icu/load.php?id=OTc4NTU=&title=Modern Marvels - Season 10,https://www.rapidvideo.com/e/FTF2X6JOB,https://streamango.com/embed/fpeolbrseenptfme,https://openload.co/embed/FusM6kDjRMI,
Mr. Robot - Season 03,,HD,,mr. robot - season 03;gostream;watchfree;free movies;watch series;series9,Crime;Drama;Thriller,2017,10,series,//vidcloud.icu/streaming.php?id=MTQwMjQ0&title=Mr. Robot - Season 03,//vidcloud.icu/streaming.php?id=MTQwMjQ0&title=Mr. Robot - Season 03,//vidcloud.icu/load.php?id=MTQwMjQ0&title=Mr. Robot - Season 03,https://www.rapidvideo.com/e/FUUDGVFAI,https://streamango.com/embed/aefcosrlrtltrdcd,https://openload.co/embed/A-IoWkNvAB4,
Seven Seconds - Season 1,,HD,,seven seconds - season 1;gostream;watchfree;free movies;watch series;series9,Crime;Drama,2018,10,series,//vidcloud.icu/streaming.php?id=MTYzMjg3&title=Seven Seconds - Season 1,//vidcloud.icu/streaming.php?id=MTYzMjg3&title=Seven Seconds - Season 1,//vidcloud.icu/load.php?id=MTYzMjg3&title=Seven Seconds - Season 1,https://www.rapidvideo.com/e/FUCCLLA5K,https://streamango.com/embed/qsddsmmomaeatcso,https://openload.co/embed/32Aq8tKgsgA,
Siren - Season 1,Tammy Gillis;Rena Owen;Ron Yuan;Sibongile Mlambo;Eline Powell;Curtis Lum;Fola Evans-Akingbola;Ian Verdun,HD 720,,siren - season 1;gostream;watchfree;free movies;watch series;series9,Drama;Fantasy,2018,10,series,//vidcloud.icu/streaming.php?id=MTkyMjAx&title=Siren - Season 1,//vidcloud.icu/streaming.php?id=MTkyMjAx&title=Siren - Season 1,//vidcloud.icu/load.php?id=MTkyMjAx&title=Siren - Season 1,https://www.rapidvideo.com/e/FU8UPNZ4T,https://streamango.com/embed/etoobrfoadmmtoto,https://openload.co/embed/HMmZP8NKwb8,
Killing Eve - Season 1,Sandra Oh;Jodie Comer;Fiona Shaw,HD 720,,killing eve - season 1;gostream;watchfree;free movies;watch series;series9,Thriller,2018,8,series,//vidcloud.icu/streaming.php?id=MTkzMjQ4&title=Killing Eve - Season 1,//vidcloud.icu/streaming.php?id=MTkzMjQ4&title=Killing Eve - Season 1,//vidcloud.icu/load.php?id=MTkzMjQ4&title=Killing Eve - Season 1,https://www.rapidvideo.com/e/FU8SRM1T6,https://streamango.com/embed/odssoeeeneeqclcr,https://openload.co/embed/kqrMMdzXM6Q,
Picnic at Hanging Rock - Season 1,Natalie Dormer;Lily Sullivan;Lola Bessis;Harrison Gilbertson;Samara Weaving;Madeleine Madden,HD 720p,,picnic at hanging rock - season 1;gostream;watchfree;free movies;watch series;series9,Drama;Mystery;Romance,2018,6,series,//vidcloud.icu/streaming.php?id=MTkzMjU3&title=Picnic at Hanging Rock - Season 1,//vidcloud.icu/streaming.php?id=MTkzMjU3&title=Picnic at Hanging Rock - Season 1,//vidcloud.icu/load.php?id=MTkzMjU3&title=Picnic at Hanging Rock - Season 1,https://www.rapidvideo.com/e/FU8SL0M75,https://streamango.com/embed/krcpofdpsdkmebed,https://openload.co/embed/61ZItGL_MPY,
Trust - Season 1,Brendan Fraser;Harris Dickinson;Michael Esper;Donald Sutherland,HD 720,,trust - season 1;gostream;watchfree;free movies;watch series;series9,Comedy;Drama,2018,10,series,//vidcloud.icu/streaming.php?id=MTkzMjYy&title=Trust - Season 1,//vidcloud.icu/streaming.php?id=MTkzMjYy&title=Trust - Season 1,//vidcloud.icu/load.php?id=MTkzMjYy&title=Trust - Season 1,https://www.rapidvideo.com/e/FU8SJY4CF,https://streamango.com/embed/tmdqcmttrdptklae,https://openload.co/embed/Awkcg3NqRPc,
Lucifer - Season 3,Lauren German;DB Woodside;Aimee Garcia;Tom Ellis;Lesley Ann Brandt;Rachael Harris;Kevin Alejandro;Scarlett Estevez,HD 720,,lucifer - season 3;gostream;watchfree;free movies;watch series;series9,Comedy,0,26,series,//vidcloud.icu/streaming.php?id=MTkzNTUy&title=Lucifer - Season 3,//vidcloud.icu/streaming.php?id=MTkzNTUy&title=Lucifer - Season 3,//vidcloud.icu/load.php?id=MTkzNTUy&title=Lucifer - Season 3,https://www.rapidvideo.com/e/FUVCYDFXS,https://streamango.com/embed/rmedtederekcdmbo,https://openload.co/embed/sZeYiup1--k,
Unbreakable Kimmy Schmidt - Season 4,Ellie Kemper;Tituss Burgess;Carol Kane;Jane Krakowski;Sara Chase,HD 720,,unbreakable kimmy schmidt - season 4;gostream;watchfree;free movies;watch series;series9,Comedy;Drama,2018,6,series,//vidcloud.icu/streaming.php?id=MTk0MDQ3&title=Unbreakable Kimmy Schmidt - Season 4,//vidcloud.icu/streaming.php?id=MTk0MDQ3&title=Unbreakable Kimmy Schmidt - Season 4,//vidcloud.icu/load.php?id=MTk0MDQ3&title=Unbreakable Kimmy Schmidt - Season 4,https://www.rapidvideo.com/e/FRTFP6CL5,https://streamango.com/embed/afdefqskrkptdoea,https://openload.co/embed/6Sk9v8GGdaw,
The Americans - Season 6,Keri Russell;Matthew Rhys;Keidrich Sellati,HD,,the americans - season 6;gostream;watchfree;free movies;watch series;series9,Crime;Drama;Mystery,2018,10,series,//vidcloud.icu/streaming.php?id=MTk0Mjk5&title=The Americans - Season 6,//vidcloud.icu/streaming.php?id=MTk0Mjk5&title=The Americans - Season 6,//vidcloud.icu/load.php?id=MTk0Mjk5&title=The Americans - Season 6,https://www.rapidvideo.com/e/FRUDT76JC,https://streamango.com/embed/bkrkqsrletsosbmf,https://openload.co/embed/BdoRgLePUHc,
Sense8 - Season 2,Terrence Mann;Doona Bae,HD 720p,,sense8 - season 2;gostream;watchfree;free movies;watch series;series9,Drama;Mystery;Sci-Fi,2017,12,series,//vidcloud.icu/streaming.php?id=MTk2NzIy&title=Sense8 - Season 2,//vidcloud.icu/streaming.php?id=MTk2NzIy&title=Sense8 - Season 2,//vidcloud.icu/load.php?id=MTk2NzIy&title=Sense8 - Season 2,https://www.rapidvideo.com/e/FUUJX6UNJ,https://streamango.com/embed/daklkorqfddbftst,https://openload.co/embed/bPy_xzrCDbw,
Patrick Melrose - Season 1,Benedict Cumberbatch;Jennifer Jason Leigh;Sebastian Maltz;Jessica Raine;Hugo Weaving;Prasanna Puwanarajah;Pip Torrens;Anna Madeley,HD 720p,,patrick melrose - season 1;gostream;watchfree;free movies;watch series;series9,Drama,2018,5,series,//vidcloud.icu/streaming.php?id=MTk2ODA0&title=Patrick Melrose - Season 1,//vidcloud.icu/streaming.php?id=MTk2ODA0&title=Patrick Melrose - Season 1,//vidcloud.icu/load.php?id=MTk2ODA0&title=Patrick Melrose - Season 1,https://www.rapidvideo.com/e/FS6EG8OJS,https://streamango.com/embed/eaarokfdmkfddrct,https://openload.co/embed/0z1KQ2RMIag,
The Crossing - Season 1,,HD,,the crossing - season 1;gostream;watchfree;free movies;watch series;series9,Adventure;Drama;Sci-Fi,2018,11,series,//vidcloud.icu/streaming.php?id=MTk2ODEw&title=The Crossing - Season 1,//vidcloud.icu/streaming.php?id=MTk2ODEw&title=The Crossing - Season 1,//vidcloud.icu/load.php?id=MTk2ODEw&title=The Crossing - Season 1,https://www.rapidvideo.com/e/FS5XLXLK4,https://streamango.com/embed/ttrsrbmfcstqqbpo,https://openload.co/embed/cfsB07YJpzs,
Supergirl - Season 3,Katie McGrath;Chyler Leigh;Mehcad Brooks;Melissa Benoist;Jeremy Jordan;Chris Wood;David Harewood,HD,,supergirl - season 3;gostream;watchfree;free movies;watch series;series9,Action;Adventure;Drama,2016,23,series,//vidcloud.icu/streaming.php?id=MTk3Mzg3&title=Supergirl - Season 3,//vidcloud.icu/streaming.php?id=MTk3Mzg3&title=Supergirl - Season 3,//vidcloud.icu/load.php?id=MTk3Mzg3&title=Supergirl - Season 3,https://www.rapidvideo.com/e/FURD05LY2,https://streamango.com/embed/etncsnrrtkqptmdf,https://openload.co/embed/49GRwi6nMCA,
Genius - Season 2,Jon Fletcher;Lucy Russell;Sebastian Roché;Lucas Englander,HD,,genius - season 2;gostream;watchfree;free movies;watch series;series9,Biography;Drama;History,2018,10,series,//vidcloud.icu/streaming.php?id=MTk3NTE5&title=Genius - Season 2,//vidcloud.icu/streaming.php?id=MTk3NTE5&title=Genius - Season 2,//vidcloud.icu/load.php?id=MTk3NTE5&title=Genius - Season 2,https://www.rapidvideo.com/e/FUTMM7U4U,https://streamango.com/embed/mqkscqdpsqdonbke,https://openload.co/embed/pfY_0dp5_Fg,
Westworld - Season 2,Evan Rachel Wood;Thandie Newton;Jeffrey Wright;James Marsden;Ed Harris;Talulah Riley,HD 720,,westworld - season 2;gostream;watchfree;free movies;watch series;series9,Drama;Mystery;Sci-Fi,2018,10,series,//vidcloud.icu/streaming.php?id=MTk4MDkx&title=Westworld - Season 2,//vidcloud.icu/streaming.php?id=MTk4MDkx&title=Westworld - Season 2,//vidcloud.icu/load.php?id=MTk4MDkx&title=Westworld - Season 2,https://www.rapidvideo.com/e/FUPYUSMC2,https://streamango.com/embed/mlbalrlkopamrmdt,https://openload.co/embed/3pdTi9t-u9I,
The Expanse - Season 3 ,Steven Strait;Shohreh Aghdashloo;Cas Anvar;Wes Chatham;Shawn Doyle;Dominique Tipper;Frankie Adams;Florence Faivre,HD,,the expanse - season 3 ;gostream;watchfree;free movies;watch series;series9,Drama;Mystery,2018,12,series,//vidcloud.icu/streaming.php?id=MTk4MzE5&title=The Expanse - Season 3 ,//vidcloud.icu/streaming.php?id=MTk4MzE5&title=The Expanse - Season 3 ,//vidcloud.icu/load.php?id=MTk4MzE5&title=The Expanse - Season 3 ,https://www.rapidvideo.com/e/FUV8QZTFG,https://streamango.com/embed/efcbpmardqdnrfkn,https://openload.co/embed/qgtcr9UxkC8,
GLOW - Season 2,Britney Young;Sydelle Noel;Britt Baron;Marc Maron;Alison Brie;Betty Gilpin;Kimmy Gatewood,HD 720,,glow - season 2;gostream;watchfree;free movies;watch series;series9,Comedy;Drama;Sport,0,10,series,//vidcloud.icu/streaming.php?id=MTk4NDA2&title=GLOW - Season 2,//vidcloud.icu/streaming.php?id=MTk4NDA2&title=GLOW - Season 2,//vidcloud.icu/load.php?id=MTk4NDA2&title=GLOW - Season 2,https://www.rapidvideo.com/e/FUUJIDDD1,https://streamango.com/embed/drtbsmomfnmnpboe,https://openload.co/embed/-K8-6eSwbDs,
The Blacklist - Season 5 ,James Spader;Amir Arison;Megan Boone;Diego Klattenhoff;Harry Lennix;Mozhan Marnò;Ryan Eggold;Hisham Tawfiq,HD,,the blacklist - season 5 ;gostream;watchfree;free movies;watch series;series9,Crime;Drama;Mystery,2017,22,series,//vidcloud.icu/streaming.php?id=MTkwNTA4&title=The Blacklist - Season 5 ,//vidcloud.icu/streaming.php?id=MTkwNTA4&title=The Blacklist - Season 5 ,//vidcloud.icu/load.php?id=MTkwNTA4&title=The Blacklist - Season 5 ,https://www.rapidvideo.com/e/FUTSQE5EG,https://streamango.com/embed/lrlskmmnanfbcean,https://openload.co/embed/-vh99X-wsOk,
Modern Family - Season 9,Julie Bowen;Ed ONeill;Sofía Vergara;Ty Burrell;Eric Stonestreet;Jesse Tyler Ferguson;Rico Rodriguez;Nolan Gould,HD,,modern family - season 9;gostream;watchfree;free movies;watch series;series9,Comedy;Romance,2017,22,series,//vidcloud.icu/streaming.php?id=MTkwNTQ3&title=Modern Family - Season 9,//vidcloud.icu/streaming.php?id=MTkwNTQ3&title=Modern Family - Season 9,//vidcloud.icu/load.php?id=MTkwNTQ3&title=Modern Family - Season 9,https://www.rapidvideo.com/e/FUVDTJ7NL,https://streamango.com/embed/cdafbbtpbkloetqt,https://openload.co/embed/emPpJgut9Kg,
Riverdale - Season 2,Luke Perry;Marisol Nichols;Cole Sprouse;Lili Reinhart;K.J. Apa;Camila Mendes;Madelaine Petsch;Casey Cott,HD,,riverdale - season 2;gostream;watchfree;free movies;watch series;series9,Drama,2017,22,series,//vidcloud.icu/streaming.php?id=MTkwNTYw&title=Riverdale - Season 2,//vidcloud.icu/streaming.php?id=MTkwNTYw&title=Riverdale - Season 2,//vidcloud.icu/load.php?id=MTkwNTYw&title=Riverdale - Season 2,https://www.rapidvideo.com/e/FUVDQ6A2X,https://streamango.com/embed/fnfqpfqadcnrqrsd,https://openload.co/embed/xtP9_JylBrA,
Gotham - Season 4,Sean Pertwee;Ben McKenzie;Donal Logue;David Mazouz;Erin Richards;Robin Lord Taylor;Camren Bicondova;Cory Michael Smith,HD,,gotham - season 4;gostream;watchfree;free movies;watch series;series9,Action;Crime;Drama,2017,22,series,//vidcloud.icu/streaming.php?id=MTkwODk0&title=Gotham - Season 4,//vidcloud.icu/streaming.php?id=MTkwODk0&title=Gotham - Season 4,//vidcloud.icu/load.php?id=MTkwODk0&title=Gotham - Season 4,https://www.rapidvideo.com/e/FUV7T9FR8,https://streamango.com/embed/rmeklsenpkkosolq,https://openload.co/embed/ROOeRz8EaXE,
Arrow - Season 6,Katie Cassidy;John Barrowman;Stephen Amell;David Ramsey;Paul Blackthorne;Willa Holland;Emily Bett Rickards,HD,,arrow - season 6;gostream;watchfree;free movies;watch series;series9,Action;Adventure;Crime;Drama;Mystery;Sci-Fi,2017,23,series,//vidcloud.icu/streaming.php?id=MTkwOTE1&title=Arrow - Season 6,//vidcloud.icu/streaming.php?id=MTkwOTE1&title=Arrow - Season 6,//vidcloud.icu/load.php?id=MTkwOTE1&title=Arrow - Season 6,https://www.rapidvideo.com/e/FUVDP63XO,https://streamango.com/embed/klomemdbaonpcpno,https://openload.co/embed/_fO9UFseL04,
Grey's Anatomy - Season 14,Sandra Oh;Patrick Dempsey;Kevin McKidd;Ellen Pompeo;Justin Chambers;Chandra Wilson;James Pickens Jr.;Sara Ramirez,HD,,grey's anatomy - season 14;gostream;watchfree;free movies;watch series;series9,Drama;Romance,2017,24,series,//vidcloud.icu/streaming.php?id=MTkwOTU4&title=Grey's Anatomy - Season 14,//vidcloud.icu/streaming.php?id=MTkwOTU4&title=Grey's Anatomy - Season 14,//vidcloud.icu/load.php?id=MTkwOTU4&title=Grey's Anatomy - Season 14,https://www.rapidvideo.com/e/FUVDMBY5H,https://streamango.com/embed/cnccdacsoklscsfn,https://openload.co/embed/RCsvYRxDdRw,
Supernatural - Season 13,Jensen Ackles;Jared Padalecki,HD,,supernatural - season 13;gostream;watchfree;free movies;watch series;series9,Drama;Horror,2017,23,series,//vidcloud.icu/streaming.php?id=MTkwOTUz&title=Supernatural - Season 13,//vidcloud.icu/streaming.php?id=MTkwOTUz&title=Supernatural - Season 13,//vidcloud.icu/load.php?id=MTkwOTUz&title=Supernatural - Season 13,https://www.rapidvideo.com/e/FUU24DCOC,https://streamango.com/embed/cnrrdstfkocrlotf,https://openload.co/embed/7i_6qobJkZs,
Once Upon a Time - Season 7,Ginnifer Goodwin;Colin O'Donoghue;Robert Carlyle;Emilie de Ravin;Jennifer Morrison;Lana Parrilla;Josh Dallas;Jared Gilmore,HD,,once upon a time - season 7;gostream;watchfree;free movies;watch series;series9,Adventure;Fantasy;Romance,2017,22,series,//vidcloud.icu/streaming.php?id=MTkxMTQ2&title=Once Upon a Time - Season 7,//vidcloud.icu/streaming.php?id=MTkxMTQ2&title=Once Upon a Time - Season 7,//vidcloud.icu/load.php?id=MTkxMTQ2&title=Once Upon a Time - Season 7,https://www.rapidvideo.com/e/FUV7YJECY,https://streamango.com/embed/mnantbdmpqmcpltb,https://openload.co/embed/Newwsbnx5Qw,
13 Reasons Why - Season 2 ,Dylan Minnette;Katherine Langford;Christian Navarro;Gregg Araki;Michele Selene Ang;Joseph C Phillips;William W Barbour;Michael Sadler;Nina Cheek;Cassie Hendry,HD,,13 reasons why - season 2 ;gostream;watchfree;free movies;watch series;series9,Drama;Mystery,2018,14,series,//vidcloud.icu/streaming.php?id=MTkxMjAy&title=13 Reasons Why - Season 2 ,//vidcloud.icu/streaming.php?id=MTkxMjAy&title=13 Reasons Why - Season 2 ,//vidcloud.icu/load.php?id=MTkxMjAy&title=13 Reasons Why - Season 2 ,https://www.rapidvideo.com/e/FUVBN40H9,https://streamango.com/embed/dkabafaqnmbpqdqb,https://openload.co/embed/1B3npKMrEys,
Marvel's Agents of S.H.I.E.L.D. - Season 5,Clark Gregg;Ming-Na Wen;Brett Dalton,HD ,,marvel's agents of s.h.i.e.l.d. - season 5;gostream;watchfree;free movies;watch series;series9,Action;Drama;Sci-Fi,2017,22,series,//vidcloud.icu/streaming.php?id=MTkxMjA2&title=Marvel's Agents of S.H.I.E.L.D. - Season 5,//vidcloud.icu/streaming.php?id=MTkxMjA2&title=Marvel's Agents of S.H.I.E.L.D. - Season 5,//vidcloud.icu/load.php?id=MTkxMjA2&title=Marvel's Agents of S.H.I.E.L.D. - Season 5,https://www.rapidvideo.com/e/FUVDK67TR,https://streamango.com/embed/qrecdelrtkqqfmeq,https://openload.co/embed/il34tJjMChk,
Brooklyn Nine-Nine - Season 5,,HD,,brooklyn nine-nine - season 5;gostream;watchfree;free movies;watch series;series9,Action;Comedy;Sitcom,2014,22,series,//vidcloud.icu/streaming.php?id=MTkxMzM2&title=Brooklyn Nine-Nine - Season 5,//vidcloud.icu/streaming.php?id=MTkxMzM2&title=Brooklyn Nine-Nine - Season 5,//vidcloud.icu/load.php?id=MTkxMzM2&title=Brooklyn Nine-Nine - Season 5,https://www.rapidvideo.com/e/FUVDHKRBV,https://streamango.com/embed/saofksqkkbersssr,https://openload.co/embed/dm_xXXPyUM0,
The Flash -  Season 4,Danielle Panabaker;Grant Gustin;Candice Patton;Jesse L. Martin;Tom Cavanagh;Carlos Valdes;Keiynan Lonsdale,HD,,the flash -  season 4;gostream;watchfree;free movies;watch series;series9,Action;Adventure;Drama,2017,23,series,//vidcloud.icu/streaming.php?id=MTkxNzU3&title=The Flash -  Season 4,//vidcloud.icu/streaming.php?id=MTkxNzU3&title=The Flash -  Season 4,//vidcloud.icu/load.php?id=MTkxNzU3&title=The Flash -  Season 4,https://www.rapidvideo.com/e/FUUBN87SI,https://streamango.com/embed/tcnkbdclaoocflof,https://openload.co/embed/8tKHjU_5H2k,
Deep State - Season 1,Anastasia Griffith;Mark Strong;Joe Dempsie;Karima McAdams;Lyne Renee;Alistair Petrie;Cara Bossom;Adrien Jolivet;Indica Watson;Rachel Shelley,HD 720,,deep state - season 1;gostream;watchfree;free movies;watch series;series9,Drama,2018,8,series,//vidcloud.icu/streaming.php?id=MTkxODMw&title=Deep State - Season 1,//vidcloud.icu/streaming.php?id=MTkxODMw&title=Deep State - Season 1,//vidcloud.icu/load.php?id=MTkxODMw&title=Deep State - Season 1,https://www.rapidvideo.com/e/FRM41ZQ0A,https://streamango.com/embed/bbeqsdflbdopktdl,https://openload.co/embed/xTX1nDwT-OA,
NCIS - Season 15,,HD,,ncis - season 15;gostream;watchfree;free movies;watch series;series9,Action;Crime,2016,24,series,//vidcloud.icu/streaming.php?id=MTkxNzcy&title=NCIS - Season 15,//vidcloud.icu/streaming.php?id=MTkxNzcy&title=NCIS - Season 15,//vidcloud.icu/load.php?id=MTkxNzcy&title=NCIS - Season 15,https://www.rapidvideo.com/e/FU8VZYPOK,https://streamango.com/embed/dmqqssqnnnbmpclf,https://openload.co/embed/v7e6lQUCctM,
Criminal Minds - Season 13,Thomas Gibson;Matthew Gray Gubler;Kirsten Vangsness;Joe Mantegna;Shemar Moore;Paget Brewster;Aj Cook,HD,,criminal minds - season 13;gostream;watchfree;free movies;watch series;series9,Crime;Drama;Mystery,2017,22,series,//vidcloud.icu/streaming.php?id=MTgxNTM0&title=Criminal Minds - Season 13,//vidcloud.icu/streaming.php?id=MTgxNTM0&title=Criminal Minds - Season 13,//vidcloud.icu/load.php?id=MTgxNTM0&title=Criminal Minds - Season 13,https://www.rapidvideo.com/e/FUV9S9QGF,https://streamango.com/embed/ofksclacmanftdaa,https://openload.co/embed/dWEl-sr8azE,
Money Heist - Season 2,Úrsula Corberó;Itziar Ituño;Álvaro Morte;Pedro Alonso;Alba Flores,HD 720p,,money heist - season 2;gostream;watchfree;free movies;watch series;series9,Action;Crime;Mystery,2017,9,series,//vidcloud.icu/streaming.php?id=MTgzMDY3&title=Money Heist - Season 2,//vidcloud.icu/streaming.php?id=MTgzMDY3&title=Money Heist - Season 2,//vidcloud.icu/load.php?id=MTgzMDY3&title=Money Heist - Season 2,https://www.rapidvideo.com/e/FU9HCKVZF,https://streamango.com/embed/mreftmnofdffmnls,https://openload.co/embed/ujyPYeaX_yA,
Suits - Season 7,Gabriel Macht;Gina Torres;Meghan Markle;Patrick J Adams;Rick Hoffman;Sarah Rafferty,HD,,suits - season 7;gostream;watchfree;free movies;watch series;series9,Comedy;Drama,2017,16,series,//vidcloud.icu/streaming.php?id=MTgzMDY5&title=Suits - Season 7,//vidcloud.icu/streaming.php?id=MTgzMDY5&title=Suits - Season 7,//vidcloud.icu/load.php?id=MTgzMDY5&title=Suits - Season 7,https://www.rapidvideo.com/e/FUSNYDQFT,https://streamango.com/embed/fonrrdaofkrfstrn,https://openload.co/embed/Q_nvpfGR6TY,
The Rain - Season 1,Lars Simonsen;Iben Hjejle;Johannes Kuhnke;Rashid Aitouganov;Inge Lise Goltermann,HD,,the rain - season 1;gostream;watchfree;free movies;watch series;series9,Thriller,2018,8,series,//vidcloud.icu/streaming.php?id=MTg2MzMx&title=The Rain - Season 1,//vidcloud.icu/streaming.php?id=MTg2MzMx&title=The Rain - Season 1,//vidcloud.icu/load.php?id=MTg2MzMx&title=The Rain - Season 1,https://www.rapidvideo.com/e/FU9AO6XKJ,https://streamango.com/embed/abkkadpcqdtnanpa,https://openload.co/embed/OsyWwfL9vT0,
Lethal Weapon - Season 2,Mel Gibson;Danny Glover;Joe Pesci,HD,,lethal weapon - season 2;gostream;watchfree;free movies;watch series;series9,Action;Crime;Thriller,2017,22,series,//vidcloud.icu/streaming.php?id=MTg3MDIz&title=Lethal Weapon - Season 2,//vidcloud.icu/streaming.php?id=MTg3MDIz&title=Lethal Weapon - Season 2,//vidcloud.icu/load.php?id=MTg3MDIz&title=Lethal Weapon - Season 2,https://www.rapidvideo.com/e/FU98LAFGN,https://streamango.com/embed/tfaddntmcrttatem,https://openload.co/embed/cV9c8dHikwo,
The Big Bang Theory - Season 11,Kaley Cuoco;Melissa Rauch;Johnny Galecki;Jim Parsons;Kunal Nayyar;Simon Helberg;Mayim Bialik,HD,,the big bang theory - season 11;gostream;watchfree;free movies;watch series;series9,Comedy,2016,24,series,//vidcloud.icu/streaming.php?id=MTg4MDEx&title=The Big Bang Theory - Season 11,//vidcloud.icu/streaming.php?id=MTg4MDEx&title=The Big Bang Theory - Season 11,//vidcloud.icu/load.php?id=MTg4MDEx&title=The Big Bang Theory - Season 11,https://www.rapidvideo.com/e/FUTQN0O76,https://streamango.com/embed/bnbkkcpolsseqtpo,https://openload.co/embed/WJdMieDWw9k,
Timeless - Season 2,Matt Lanter;Abigail Spencer;Paterson Joseph;John Getz;Goran Visnjic;Malcolm Barrett;Sakina Jaffrey;Claudia Doumit,HD,,timeless - season 2;gostream;watchfree;free movies;watch series;series9,Action;Adventure;Drama,2018,9,series,//vidcloud.icu/streaming.php?id=MTg5MzU5&title=Timeless - Season 2,//vidcloud.icu/streaming.php?id=MTg5MzU5&title=Timeless - Season 2,//vidcloud.icu/load.php?id=MTg5MzU5&title=Timeless - Season 2,https://www.rapidvideo.com/e/FU95AZ5QR,https://streamango.com/embed/qondbcbaasmpsksq,https://openload.co/embed/Bm_UE96MxK8,
Strike Back - Season 6,Robson Green;Sullivan Stapleton;Philip Winchester;Michelle Lukes;Rhashan Stone,HD,,strike back - season 6;gostream;watchfree;free movies;watch series;series9,Action;Drama;Thriller,2017,10,series,//vidcloud.icu/streaming.php?id=MTY0NjMw&title=Strike Back - Season 6,//vidcloud.icu/streaming.php?id=MTY0NjMw&title=Strike Back - Season 6,//vidcloud.icu/load.php?id=MTY0NjMw&title=Strike Back - Season 6,https://www.rapidvideo.com/e/FUTXY83KT,https://streamango.com/embed/odopedelfmfaneek,https://openload.co/embed/TcIhaK6YagY,
Waco - Season 1,,HD,,waco - season 1;gostream;watchfree;free movies;watch series;series9,Crime;Drama;Thriller;Xmas,2018,6,series,//vidcloud.icu/streaming.php?id=MTY0NjUy&title=Waco - Season 1,//vidcloud.icu/streaming.php?id=MTY0NjUy&title=Waco - Season 1,//vidcloud.icu/load.php?id=MTY0NjUy&title=Waco - Season 1,https://www.rapidvideo.com/e/FUCAKJE0O,https://streamango.com/embed/taeccqteflfqmqnr,https://openload.co/embed/FULiDq7N8aA,
Collateral - Season 1,,HD,,collateral - season 1;gostream;watchfree;free movies;watch series;series9,Crime;Drama;Mystery;TV Show,2018,4,series,//vidcloud.icu/streaming.php?id=MTY2MTQ1&title=Collateral - Season 1,//vidcloud.icu/streaming.php?id=MTY2MTQ1&title=Collateral - Season 1,//vidcloud.icu/load.php?id=MTY2MTQ1&title=Collateral - Season 1,https://www.rapidvideo.com/e/FPTVQL94W,https://streamango.com/embed/sodmpopcqakrrqbr,https://openload.co/embed/558nlafKCCE,
Friends season 10,,HD 720,,friends season 10;gostream;watchfree;free movies;watch series;series9,Comedy;Romance,2003,17,series,//vidcloud.icu/streaming.php?id=MTY2NDU3&title=Friends season 10,//vidcloud.icu/streaming.php?id=MTY2NDU3&title=Friends season 10,//vidcloud.icu/load.php?id=MTY2NDU3&title=Friends season 10,https://www.rapidvideo.com/e/FUR5V19ND,https://streamango.com/embed/tppkelnodenseapc,https://openload.co/embed/PyuNXKFc63c,
Jessica Jones - Season 2 ,Eka Darville;Krysten Ritter;Carrie-Anne Moss;David Tennant;Rachael Taylor;JR Ramirez,HD,,jessica jones - season 2 ;gostream;watchfree;free movies;watch series;series9,Action;Crime;Drama,2018,13,series,//vidcloud.icu/streaming.php?id=MTY3MzAy&title=Jessica Jones - Season 2 ,//vidcloud.icu/streaming.php?id=MTY3MzAy&title=Jessica Jones - Season 2 ,//vidcloud.icu/load.php?id=MTY3MzAy&title=Jessica Jones - Season 2 ,https://www.rapidvideo.com/e/FUVBT8BNC,https://streamango.com/embed/lqebfbposlfbobeo,https://openload.co/embed/sG9Ees09PBY,
Sneaky Pete - Season 2,,HD,,sneaky pete - season 2;gostream;watchfree;free movies;watch series;series9,Crime;Drama,2015,10,series,//vidcloud.icu/streaming.php?id=MTY3NjI1&title=Sneaky Pete - Season 2,//vidcloud.icu/streaming.php?id=MTY3NjI1&title=Sneaky Pete - Season 2,//vidcloud.icu/load.php?id=MTY3NjI1&title=Sneaky Pete - Season 2,https://www.rapidvideo.com/e/FUUYBRPSP,https://streamango.com/embed/admoncknqeoqmold,https://openload.co/embed/vmDxyT9avC4,
Love - Season 3,,HD 720,,love - season 3;gostream;watchfree;free movies;watch series;series9,Comedy;Drama;Romance,2018,12,series,//vidcloud.icu/streaming.php?id=MTY3OTA1&title=Love - Season 3,//vidcloud.icu/streaming.php?id=MTY3OTA1&title=Love - Season 3,//vidcloud.icu/load.php?id=MTY3OTA1&title=Love - Season 3,https://www.rapidvideo.com/e/FUBSH9XND,https://streamango.com/embed/plsnmbnrfsbqkffk,https://openload.co/embed/bmak8FxsPWA,
This Is Us - Season 2,,HD,,this is us - season 2;gostream;watchfree;free movies;watch series;series9,Comedy;Drama,0,18,series,//vidcloud.icu/streaming.php?id=MTcwMDMz&title=This Is Us - Season 2,//vidcloud.icu/streaming.php?id=MTcwMDMz&title=This Is Us - Season 2,//vidcloud.icu/load.php?id=MTcwMDMz&title=This Is Us - Season 2,https://www.rapidvideo.com/e/FUUVJJH3B,https://streamango.com/embed/sqrdsnekcportqpc,https://openload.co/embed/RJaxeE0YmJc,
RuPaul's All Stars Drag Race - Season 3,,HD,,rupaul's all stars drag race - season 3;gostream;watchfree;free movies;watch series;series9,TV Show,2017,8,series,//vidcloud.icu/streaming.php?id=MTcxMjA5&title=RuPaul's All Stars Drag Race - Season 3,//vidcloud.icu/streaming.php?id=MTcxMjA5&title=RuPaul's All Stars Drag Race - Season 3,//vidcloud.icu/load.php?id=MTcxMjA5&title=RuPaul's All Stars Drag Race - Season 3,https://www.rapidvideo.com/e/FUAN0WVSE,https://streamango.com/embed/fmmbfpsneranmnfe,https://openload.co/embed/fwobP4RWHn4,
 Dragon Ball Super,Masako Nozawa;Sean Schemmel,HD 720p,, dragon ball super;gostream;watchfree;free movies;watch series;series9,Action;Adventure;Animation,2015,131,series,//vidcloud.icu/streaming.php?id=MTc0MDQy&title= Dragon Ball Super,//vidcloud.icu/streaming.php?id=MTc0MDQy&title= Dragon Ball Super,//vidcloud.icu/load.php?id=MTc0MDQy&title= Dragon Ball Super,https://www.rapidvideo.com/e/FPP0A2OEZ,https://streamango.com/embed/kmradkbospdalnec,https://openload.co/embed/NkItE1ozsUM,
Counterpart - Season 1,,HD,,counterpart - season 1;gostream;watchfree;free movies;watch series;series9,Drama;Sci-Fi;Thriller,2018,10,series,//vidcloud.icu/streaming.php?id=MTc2NTkw&title=Counterpart - Season 1,//vidcloud.icu/streaming.php?id=MTc2NTkw&title=Counterpart - Season 1,//vidcloud.icu/load.php?id=MTc2NTkw&title=Counterpart - Season 1,https://www.rapidvideo.com/e/FQZ5H106P,https://streamango.com/embed/cnodootnsmotdrbt,https://openload.co/embed/LKf6Je52nBE,
Troy: Fall Of A City - Season 1,,HD,,troy: fall of a city - season 1;gostream;watchfree;free movies;watch series;series9,Action;History;War,2018,8,series,//vidcloud.icu/streaming.php?id=MTc4MDc4&title=Troy: Fall Of A City - Season 1,//vidcloud.icu/streaming.php?id=MTc4MDc4&title=Troy: Fall Of A City - Season 1,//vidcloud.icu/load.php?id=MTc4MDc4&title=Troy: Fall Of A City - Season 1,https://www.rapidvideo.com/e/FQ37X6ZFG,https://streamango.com/embed/tcpqfrasrntcbrmn,https://openload.co/embed/quiapFB-QdI,
Heartland - Season 11,Chris Potter;Amber Marshall;Michelle Morgan;Graham Wardle;Shaun Johnston;Jessica Amlee;Kerry James;Alisha Newton,HD,,heartland - season 11;gostream;watchfree;free movies;watch series;series9,Drama;Family,2016,18,series,//vidcloud.icu/streaming.php?id=MTc4ODkx&title=Heartland - Season 11,//vidcloud.icu/streaming.php?id=MTc4ODkx&title=Heartland - Season 11,//vidcloud.icu/load.php?id=MTc4ODkx&title=Heartland - Season 11,https://www.rapidvideo.com/e/FQ69H56XE,https://streamango.com/embed/qkqrdonddnqrcseb,https://openload.co/embed/18eX7sRvCao,
Peaky Blinders - Season 4,Cillian Murphy;Paul Anderson;Helen McCrory;Ned Dennehy;Annabelle Wallis;Joe Cole;Sophie Rundle;Ian Peck,HD,,peaky blinders - season 4;gostream;watchfree;free movies;watch series;series9,Crime;Drama,2017,6,series,//vidcloud.icu/streaming.php?id=MTQyOTcw&title=Peaky Blinders - Season 4,//vidcloud.icu/streaming.php?id=MTQyOTcw&title=Peaky Blinders - Season 4,//vidcloud.icu/load.php?id=MTQyOTcw&title=Peaky Blinders - Season 4,https://www.rapidvideo.com/e/FS6V14D2R,https://streamango.com/embed/fonlabkldrerollr,https://openload.co/embed/vq3-re5I1RU,
Longmire - Season 6,,HD,,longmire - season 6;gostream;watchfree;free movies;watch series;series9,Action;Crime;Drama,2015,10,series,//vidcloud.icu/streaming.php?id=MTQzMDIz&title=Longmire - Season 6,//vidcloud.icu/streaming.php?id=MTQzMDIz&title=Longmire - Season 6,//vidcloud.icu/load.php?id=MTQzMDIz&title=Longmire - Season 6,https://www.rapidvideo.com/e/FUS3SWE2V,https://streamango.com/embed/mlsfebefettsknmn,https://openload.co/embed/RqXPOEeoiBg,
Doctor Who - Season 10,Peter Capaldi;Jenna Coleman;Matt Smith;David Tennant;Billie Piper;Karen Gillan;Paul Kasey;Nicholas Briggs,HD,,doctor who - season 10;gostream;watchfree;free movies;watch series;series9,Adventure;Drama;Family;Mystery;Sci-Fi,2017,13,series,//vidcloud.icu/streaming.php?id=MTQ0MTUw&title=Doctor Who - Season 10,//vidcloud.icu/streaming.php?id=MTQ0MTUw&title=Doctor Who - Season 10,//vidcloud.icu/load.php?id=MTQ0MTUw&title=Doctor Who - Season 10,https://www.rapidvideo.com/e/FS51I6F6P,https://streamango.com/embed/atnqomssbommbfma,https://openload.co/embed/VhgCl5RvQFU,
Victoria - Season 2,,HD,,victoria - season 2;gostream;watchfree;free movies;watch series;series9,Biography;Drama;History,2016,9,series,//vidcloud.icu/streaming.php?id=MTQ0MTUx&title=Victoria - Season 2,//vidcloud.icu/streaming.php?id=MTQ0MTUx&title=Victoria - Season 2,//vidcloud.icu/load.php?id=MTQ0MTUx&title=Victoria - Season 2,https://www.rapidvideo.com/e/FUS33K0VW,https://streamango.com/embed/ckemdqdcknoqkebl,https://openload.co/embed/RvKwUkbLbVw,
Doctor Who - Season 11,,HD,,doctor who - season 11;gostream;watchfree;free movies;watch series;series9,Drama;Family;Sci-Fi,2017,0,series,//vidcloud.icu/streaming.php?id=MTQ1MTgz&title=Doctor Who - Season 11,//vidcloud.icu/streaming.php?id=MTQ1MTgz&title=Doctor Who - Season 11,//vidcloud.icu/load.php?id=MTQ1MTgz&title=Doctor Who - Season 11,https://www.rapidvideo.com/e/FS3O6QGV1,https://streamango.com/embed/eqdlnfqqsfqoqnsl,https://openload.co/embed/mN0ZPSse6Wo,
Black Mirror - Season 4,,HD,,black mirror - season 4;gostream;watchfree;free movies;watch series;series9,Drama;Sci-Fi;Thriller,2017,6,series,//vidcloud.icu/streaming.php?id=MTQ1NDQ1&title=Black Mirror - Season 4,//vidcloud.icu/streaming.php?id=MTQ1NDQ1&title=Black Mirror - Season 4,//vidcloud.icu/load.php?id=MTQ1NDQ1&title=Black Mirror - Season 4,https://www.rapidvideo.com/e/FUUCKT0CI,https://streamango.com/embed/nsslmnfkttcspmqd,https://openload.co/embed/AeihLI9se7g,
The End of the F***ing World - Season 1,,HD,,the end of the f***ing world - season 1;gostream;watchfree;free movies;watch series;series9,Comedy;Drama,2018,8,series,//vidcloud.icu/streaming.php?id=MTQ4NDIx&title=The End of the F***ing World - Season 1,//vidcloud.icu/streaming.php?id=MTQ4NDIx&title=The End of the F***ing World - Season 1,//vidcloud.icu/load.php?id=MTQ4NDIx&title=The End of the F***ing World - Season 1,https://www.rapidvideo.com/e/FUQJ57FIN,https://streamango.com/embed/basmanmfeebrcrbp,https://openload.co/embed/OxfejuQmt-s,
Britannia - Season 1,,HD,,britannia - season 1;gostream;watchfree;free movies;watch series;series9,Drama;Fantasy;TV Show,2017,9,series,//vidcloud.icu/streaming.php?id=MTU0MDA5&title=Britannia - Season 1,//vidcloud.icu/streaming.php?id=MTU0MDA5&title=Britannia - Season 1,//vidcloud.icu/load.php?id=MTU0MDA5&title=Britannia - Season 1,https://www.rapidvideo.com/e/FUU59YY1W,https://streamango.com/embed/aqkpenpkdakqalps,https://openload.co/embed/miD65z5Rfbg,
Vikings - Season 5 ,Travis Fimmel,HD,,vikings - season 5 ;gostream;watchfree;free movies;watch series;series9,Action;Drama;History,0,10,series,//vidcloud.icu/streaming.php?id=MTU0NjAw&title=Vikings - Season 5 ,//vidcloud.icu/streaming.php?id=MTU0NjAw&title=Vikings - Season 5 ,//vidcloud.icu/load.php?id=MTU0NjAw&title=Vikings - Season 5 ,https://www.rapidvideo.com/e/FURVPSIOW,https://streamango.com/embed/llkbsratndaeoqbn,https://openload.co/embed/g_YhFN14Gfs,
Shameless - Season 8,,HD,,shameless - season 8;gostream;watchfree;free movies;watch series;series9,TV Show,2016,12,series,//vidcloud.icu/streaming.php?id=MTU1NTY5&title=Shameless - Season 8,//vidcloud.icu/streaming.php?id=MTU1NTY5&title=Shameless - Season 8,//vidcloud.icu/load.php?id=MTU1NTY5&title=Shameless - Season 8,https://www.rapidvideo.com/e/FUCR8NJYK,https://streamango.com/embed/kscpkfamaadrktse,https://openload.co/embed/vbeLhgxX3N4,
The Brave - Season 01,,HD,,the brave - season 01;gostream;watchfree;free movies;watch series;series9,Action;Drama;Thriller,2017,13,series,//vidcloud.icu/streaming.php?id=MTU2MDUy&title=The Brave - Season 01,//vidcloud.icu/streaming.php?id=MTU2MDUy&title=The Brave - Season 01,//vidcloud.icu/load.php?id=MTU2MDUy&title=The Brave - Season 01,https://www.rapidvideo.com/e/FUCQKHI2Y,https://streamango.com/embed/ascodlrfdamedbqm,https://openload.co/embed/R5PPnJ4HQ2Y,
Game of Thrones - Season 7,Lena Headey;Peter Dinklage;Sophie Turner;Kit Harington;Emilia Clarke;Nikolaj Coster-Waldau;Maisie Williams,HD,,game of thrones - season 7;gostream;watchfree;free movies;watch series;series9,Action;Adventure;Fantasy,2017,100,series,//vidcloud.icu/streaming.php?id=MTU2MDU1&title=Game of Thrones - Season 7,//vidcloud.icu/streaming.php?id=MTU2MDU1&title=Game of Thrones - Season 7,//vidcloud.icu/load.php?id=MTU2MDU1&title=Game of Thrones - Season 7,https://www.rapidvideo.com/e/FQD2CR3W3,https://streamango.com/embed/aanlapqbckdoqtnk,https://openload.co/embed/h9amip1WyPU,
Happy! - Season 1,,HD 720p,,happy! - season 1;gostream;watchfree;free movies;watch series;series9,Comedy;Crime,0,8,series,//vidcloud.icu/streaming.php?id=MTU2NzUx&title=Happy! - Season 1,//vidcloud.icu/streaming.php?id=MTU2NzUx&title=Happy! - Season 1,//vidcloud.icu/load.php?id=MTU2NzUx&title=Happy! - Season 1,https://www.rapidvideo.com/e/FUCP8PNJ5,https://streamango.com/embed/koeldqatbrarkmsd,https://openload.co/embed/QX52e5hgWko,
Altered Carbon - Season 1,,HD ,,altered carbon - season 1;gostream;watchfree;free movies;watch series;series9,Drama;Sci-Fi;Thriller,2018,10,series,//vidcloud.icu/streaming.php?id=MTU3MTg1&title=Altered Carbon - Season 1,//vidcloud.icu/streaming.php?id=MTU3MTg1&title=Altered Carbon - Season 1,//vidcloud.icu/load.php?id=MTU3MTg1&title=Altered Carbon - Season 1,https://www.rapidvideo.com/e/FUUZAR170,https://streamango.com/embed/dtbndpaqcqodtcoa,https://openload.co/embed/wyviUIVuckw,
Cardinal - Season 2,Billy Campbell;Karine Vanasse;Glen Gould;Eric Hicks;Alanna Bale;Zach Smadu,HD,,cardinal - season 2;gostream;watchfree;free movies;watch series;series9,Drama;Thriller,2018,6,series,//vidcloud.icu/streaming.php?id=MTU5MDQ3&title=Cardinal - Season 2,//vidcloud.icu/streaming.php?id=MTU5MDQ3&title=Cardinal - Season 2,//vidcloud.icu/load.php?id=MTU5MDQ3&title=Cardinal - Season 2,https://www.rapidvideo.com/e/FUU3C2N3B,https://streamango.com/embed/dqbbptabqtckdrrn,https://openload.co/embed/nVRMpIbeuaU,
The Grand Tour - Season 2,,HD,,the grand tour - season 2;gostream;watchfree;free movies;watch series;series9,TV Show,2017,11,series,//vidcloud.icu/streaming.php?id=MTYyNzM1&title=The Grand Tour - Season 2,//vidcloud.icu/streaming.php?id=MTYyNzM1&title=The Grand Tour - Season 2,//vidcloud.icu/load.php?id=MTYyNzM1&title=The Grand Tour - Season 2,https://www.rapidvideo.com/e/FUCEV8M7O,https://streamango.com/embed/eamqfqtsaclrptbe,https://openload.co/embed/g0xJEzNjsvY,
Everything Sucks! - Season 1,,HD ,,everything sucks! - season 1;gostream;watchfree;free movies;watch series;series9,Comedy,2018,10,series,//vidcloud.icu/streaming.php?id=MTYyODEy&title=Everything Sucks! - Season 1,//vidcloud.icu/streaming.php?id=MTYyODEy&title=Everything Sucks! - Season 1,//vidcloud.icu/load.php?id=MTYyODEy&title=Everything Sucks! - Season 1,https://www.rapidvideo.com/e/FUCEGDRGN,https://streamango.com/embed/cmtnokbknqkoodkk,https://openload.co/embed/yiP7ags2idk,
Nashville - Season 5,Clare Bowen;Connie Britton;Hayden Panettiere,HD,,nashville - season 5;gostream;watchfree;free movies;watch series;series9,Drama;Musical;Romance,2016,22,series,//vidcloud.icu/streaming.php?id=MTAzMDc5&title=Nashville - Season 5,//vidcloud.icu/streaming.php?id=MTAzMDc5&title=Nashville - Season 5,//vidcloud.icu/load.php?id=MTAzMDc5&title=Nashville - Season 5,https://www.rapidvideo.com/e/FUUVB5WWH,https://streamango.com/embed/esmsffetqlnldrqr,https://openload.co/embed/j4Js2W-sfIc,
Marvel's The Defenders - Season 1,,HD,,marvel's the defenders - season 1;gostream;watchfree;free movies;watch series;series9,Action;Adventure;Crime,0,8,series,//vidcloud.icu/streaming.php?id=MTA0NzI4&title=Marvel's The Defenders - Season 1,//vidcloud.icu/streaming.php?id=MTA0NzI4&title=Marvel's The Defenders - Season 1,//vidcloud.icu/load.php?id=MTA0NzI4&title=Marvel's The Defenders - Season 1,https://www.rapidvideo.com/e/FUUUPKA1B,https://streamango.com/embed/bqlqapfaotfrksld,https://openload.co/embed/2WgSAn3v2P8,
The Mist - Season 1,Alyssa Sutherland,HD,,the mist - season 1;gostream;watchfree;free movies;watch series;series9,Drama;Horror,2017,10,series,//vidcloud.icu/streaming.php?id=MTA3NzA0&title=The Mist - Season 1,//vidcloud.icu/streaming.php?id=MTA3NzA0&title=The Mist - Season 1,//vidcloud.icu/load.php?id=MTA3NzA0&title=The Mist - Season 1,https://www.rapidvideo.com/e/FU0ABOVW5,https://streamango.com/embed/lesmlfdposqsqddb,https://openload.co/embed/33DGlaX4RXg,
Power - Season 4,,HD,,power - season 4;gostream;watchfree;free movies;watch series;series9,Crime;Drama,2017,10,series,//vidcloud.icu/streaming.php?id=MTA5MDgy&title=Power - Season 4,//vidcloud.icu/streaming.php?id=MTA5MDgy&title=Power - Season 4,//vidcloud.icu/load.php?id=MTA5MDgy&title=Power - Season 4,https://www.rapidvideo.com/e/FSYOC1KO1,https://streamango.com/embed/obeebokbtbeaepcl,https://openload.co/embed/fnVCf63-hRs,
Twin Peaks - Season 3 ,,HD,,twin peaks - season 3 ;gostream;watchfree;free movies;watch series;series9,Crime;Drama;Mystery,1990,18,series,//vidcloud.icu/streaming.php?id=MTA5Mjcw&title=Twin Peaks - Season 3 ,//vidcloud.icu/streaming.php?id=MTA5Mjcw&title=Twin Peaks - Season 3 ,//vidcloud.icu/load.php?id=MTA5Mjcw&title=Twin Peaks - Season 3 ,https://www.rapidvideo.com/e/FTHSID20D,https://streamango.com/embed/lfoemnqscaebtsqk,https://openload.co/embed/7YAzN5TBszI,
Insecure - Season 2,,HD,,insecure - season 2;gostream;watchfree;free movies;watch series;series9,Drama,2016,8,series,//vidcloud.icu/streaming.php?id=MTExMzY1&title=Insecure - Season 2,//vidcloud.icu/streaming.php?id=MTExMzY1&title=Insecure - Season 2,//vidcloud.icu/load.php?id=MTExMzY1&title=Insecure - Season 2,https://www.rapidvideo.com/e/FUUSUY1WL,https://streamango.com/embed/npodfldsnaptrsdp,https://openload.co/embed/8xRI1ERJ-G8,
Teen Wolf - Season 6,Holland Roden;Tyler Posey;Dylan O'Brien,HD,,teen wolf - season 6;gostream;watchfree;free movies;watch series;series9,Action;Comedy;Drama,2016,20,series,//vidcloud.icu/streaming.php?id=MTE0NzY5&title=Teen Wolf - Season 6,//vidcloud.icu/streaming.php?id=MTE0NzY5&title=Teen Wolf - Season 6,//vidcloud.icu/load.php?id=MTE0NzY5&title=Teen Wolf - Season 6,https://www.rapidvideo.com/e/FTWCPF817,https://streamango.com/embed/qfspcsmakfsfbqpf,https://openload.co/embed/53CUvQ_pyLM,
Rick and Morty - Season 3,Justin Roiland;Chris Parnell;Spencer Grammer,HD,,rick and morty - season 3;gostream;watchfree;free movies;watch series;series9,Adventure;Animation;Comedy,2017,10,series,//vidcloud.icu/streaming.php?id=MTE1NjE3&title=Rick and Morty - Season 3,//vidcloud.icu/streaming.php?id=MTE1NjE3&title=Rick and Morty - Season 3,//vidcloud.icu/load.php?id=MTE1NjE3&title=Rick and Morty - Season 3,https://www.rapidvideo.com/e/FUACJXNJB,https://streamango.com/embed/bkmmqmbtfpebkcce,https://openload.co/embed/vIcXOaX39Wg,
Mindhunter - Season 01,,HD,,mindhunter - season 01;gostream;watchfree;free movies;watch series;series9,Crime;Drama;Thriller,2017,10,series,//vidcloud.icu/streaming.php?id=MTE5MTY5&title=Mindhunter - Season 01,//vidcloud.icu/streaming.php?id=MTE5MTY5&title=Mindhunter - Season 01,//vidcloud.icu/load.php?id=MTE5MTY5&title=Mindhunter - Season 01,https://www.rapidvideo.com/e/FUUNQDK9A,https://streamango.com/embed/akfmmeerrskmptpc,https://openload.co/embed/60xEfWFZydQ,
Fear The Walking Dead - Season 3,,HD,,fear the walking dead - season 3;gostream;watchfree;free movies;watch series;series9,Drama;Horror;Thriller,2017,15,series,//vidcloud.icu/streaming.php?id=MTE5NzM3&title=Fear The Walking Dead - Season 3,//vidcloud.icu/streaming.php?id=MTE5NzM3&title=Fear The Walking Dead - Season 3,//vidcloud.icu/load.php?id=MTE5NzM3&title=Fear The Walking Dead - Season 3,https://www.rapidvideo.com/e/FUUMFGXMC,https://streamango.com/embed/mmqlqcssqfeckrrk,https://openload.co/embed/EC4WBsz-Zp4,
Gunpowder - Season 1,,HD,,gunpowder - season 1;gostream;watchfree;free movies;watch series;series9,Action;Drama;TV Show,2017,3,series,//vidcloud.icu/streaming.php?id=MTIxNTkw&title=Gunpowder - Season 1,//vidcloud.icu/streaming.php?id=MTIxNTkw&title=Gunpowder - Season 1,//vidcloud.icu/load.php?id=MTIxNTkw&title=Gunpowder - Season 1,https://www.rapidvideo.com/e/FTKGQ0BW1,https://streamango.com/embed/llrrcatoqobbemos,https://openload.co/embed/qJECXR7J9Hk,
Future Man - Season 1,Josh Hutcherson;Robert Craighead;Jason Scott Jenkins,,,future man - season 1;gostream;watchfree;free movies;watch series;series9,Action;Comedy;Drama;Fantasy,2017,13,series,//vidcloud.icu/streaming.php?id=MTI5MjMz&title=Future Man - Season 1,//vidcloud.icu/streaming.php?id=MTI5MjMz&title=Future Man - Season 1,//vidcloud.icu/load.php?id=MTI5MjMz&title=Future Man - Season 1,https://www.rapidvideo.com/e/FUDP6VVPD,https://streamango.com/embed/qrstpdoarrnkntoe,https://openload.co/embed/yNQxPJW7Ou4,
Marvel's The Punisher - Season 1,,HD,,marvel's the punisher - season 1;gostream;watchfree;free movies;watch series;series9,Action;Adventure;Crime,2017,13,series,//vidcloud.icu/streaming.php?id=MTMwMjg4&title=Marvel's The Punisher - Season 1,//vidcloud.icu/streaming.php?id=MTMwMjg4&title=Marvel's The Punisher - Season 1,//vidcloud.icu/load.php?id=MTMwMjg4&title=Marvel's The Punisher - Season 1,https://www.rapidvideo.com/e/FUVCRMZQS,https://streamango.com/embed/nkkmacmqdcqkdfpb,https://openload.co/embed/cMYKH2Fd-pU,
Dark - Season 1,,HD ,,dark - season 1;gostream;watchfree;free movies;watch series;series9,Crime;Drama;Mystery,2017,10,series,//vidcloud.icu/streaming.php?id=MTM0ODA1&title=Dark - Season 1,//vidcloud.icu/streaming.php?id=MTM0ODA1&title=Dark - Season 1,//vidcloud.icu/load.php?id=MTM0ODA1&title=Dark - Season 1,https://www.rapidvideo.com/e/FUUEH1GDM,https://streamango.com/embed/fappcfanlsfskpcm,https://openload.co/embed/L0kd_Yr2XK4,
Outlander - Season 3,,HD,,outlander - season 3;gostream;watchfree;free movies;watch series;series9,Drama;Romance;Sci-Fi,2017,13,series,//vidcloud.icu/streaming.php?id=MTM4MjIw&title=Outlander - Season 3,//vidcloud.icu/streaming.php?id=MTM4MjIw&title=Outlander - Season 3,//vidcloud.icu/load.php?id=MTM4MjIw&title=Outlander - Season 3,https://www.rapidvideo.com/e/FUUDT2BIM,https://streamango.com/embed/oaoakpneskcbtmfk,https://openload.co/embed/CDf11dBQcdg,
Bates Motel - Season 5,Vera Farmiga;Freddie Highmore;Max Thieriot,HD,,bates motel - season 5;gostream;watchfree;free movies;watch series;series9,Drama;Horror;Mystery,2017,11,series,//vidcloud.icu/streaming.php?id=ODU2MjM=&title=Bates Motel - Season 5,//vidcloud.icu/streaming.php?id=ODU2MjM=&title=Bates Motel - Season 5,//vidcloud.icu/load.php?id=ODU2MjM=&title=Bates Motel - Season 5,https://www.rapidvideo.com/e/FTW4T2Q95,https://streamango.com/embed/nfdbkkffbodnbbfp,https://openload.co/embed/gC-gcu396rk,
Famous in Love - Season 1,,HD,,famous in love - season 1;gostream;watchfree;free movies;watch series;series9,Drama;Romance,2017,10,series,//vidcloud.icu/streaming.php?id=ODYwMjU=&title=Famous in Love - Season 1,//vidcloud.icu/streaming.php?id=ODYwMjU=&title=Famous in Love - Season 1,//vidcloud.icu/load.php?id=ODYwMjU=&title=Famous in Love - Season 1,https://www.rapidvideo.com/e/FUENBQTP5,https://streamango.com/embed/ndelspccebfatrfs,https://openload.co/embed/VRn-uIw9Rj0,
Line of Duty - Season 4,,HD,,line of duty - season 4;gostream;watchfree;free movies;watch series;series9,Crime;Drama,2016,6,series,//vidcloud.icu/streaming.php?id=ODg1ODc=&title=Line of Duty - Season 4,//vidcloud.icu/streaming.php?id=ODg1ODc=&title=Line of Duty - Season 4,//vidcloud.icu/load.php?id=ODg1ODc=&title=Line of Duty - Season 4,https://www.rapidvideo.com/e/FT6FZ9H2L,https://streamango.com/embed/flfasdtocosqbafe,https://openload.co/embed/eeBn2t3Q6Ns,
The Big Bang Theory - Season 10,Jim Parsons;Johnny Galecki;Kaley Cuoco,HD,,the big bang theory - season 10;gostream;watchfree;free movies;watch series;series9,Comedy,2016,24,series,//vidcloud.icu/streaming.php?id=OTAyOTU=&title=The Big Bang Theory - Season 10,//vidcloud.icu/streaming.php?id=OTAyOTU=&title=The Big Bang Theory - Season 10,//vidcloud.icu/load.php?id=OTAyOTU=&title=The Big Bang Theory - Season 10,https://www.rapidvideo.com/e/FUULVJCDJ,https://streamango.com/embed/dpdcqfpedafestem,https://openload.co/embed/HouEJvFAy9M,
Riverdale - Season 1,K.J. Apa;Lili Reinhart;Camila Mendes;Cole Sprouse;Marisol Nichols;Luke Perry;Casey Cott;Madelaine Petsch;Mädchen Amick;Lochlyn Munro;Hayley Law;Asha Bromfield,HD,,riverdale - season 1;gostream;watchfree;free movies;watch series;series9,Drama,2017,13,series,//vidcloud.icu/streaming.php?id=OTAzMDE=&title=Riverdale - Season 1,//vidcloud.icu/streaming.php?id=OTAzMDE=&title=Riverdale - Season 1,//vidcloud.icu/load.php?id=OTAzMDE=&title=Riverdale - Season 1,https://www.rapidvideo.com/e/FUQMBL6CL,https://streamango.com/embed/acdfbdencaqktspf,https://openload.co/embed/5rPcdvk3TiM,
The Middle - Season 8,Eileen Heisler;Ilana Wernick,HD,,the middle - season 8;gostream;watchfree;free movies;watch series;series9,Comedy;Family,2016,23,series,//vidcloud.icu/streaming.php?id=OTExNTg=&title=The Middle - Season 8,//vidcloud.icu/streaming.php?id=OTExNTg=&title=The Middle - Season 8,//vidcloud.icu/load.php?id=OTExNTg=&title=The Middle - Season 8,https://www.rapidvideo.com/e/FUEIW94EC,https://streamango.com/embed/kkmqsbfrnocbllmo,https://openload.co/embed/VPF2iRy67R8,
Supernatural - Season 12,Jared Padalecki;Jensen Ackles;Jim Beaver,HD,,supernatural - season 12;gostream;watchfree;free movies;watch series;series9,Drama;Fantasy;Horror,2016,23,series,//vidcloud.icu/streaming.php?id=OTEyNzY=&title=Supernatural - Season 12,//vidcloud.icu/streaming.php?id=OTEyNzY=&title=Supernatural - Season 12,//vidcloud.icu/load.php?id=OTEyNzY=&title=Supernatural - Season 12,https://www.rapidvideo.com/e/FUV4UGGV5,https://streamango.com/embed/flsrselffstccado,https://openload.co/embed/2GVhy_QAR4M,
Grey's Anatomy - Season 13,Chandra Wilson;Ellen Pompeo;Justin Chambers,HD,,grey's anatomy - season 13;gostream;watchfree;free movies;watch series;series9,Drama;Romance,2016,24,series,//vidcloud.icu/streaming.php?id=OTA5OTM=&title=Grey's Anatomy - Season 13,//vidcloud.icu/streaming.php?id=OTA5OTM=&title=Grey's Anatomy - Season 13,//vidcloud.icu/load.php?id=OTA5OTM=&title=Grey's Anatomy - Season 13,https://www.rapidvideo.com/e/FUV0TP06P,https://streamango.com/embed/somktpettdofsdmp,https://openload.co/embed/8f-mIn573q0,
Supergirl - Season 2,Chyler Leigh;Mehcad Brooks;Melissa Benoist,HD,,supergirl - season 2;gostream;watchfree;free movies;watch series;series9,Action;Adventure;Drama,2016,22,series,//vidcloud.icu/streaming.php?id=OTEzMjE=&title=Supergirl - Season 2,//vidcloud.icu/streaming.php?id=OTEzMjE=&title=Supergirl - Season 2,//vidcloud.icu/load.php?id=OTEzMjE=&title=Supergirl - Season 2,https://www.rapidvideo.com/e/FUEIO6GOB,https://streamango.com/embed/etmpqlbldqsftoqo,https://openload.co/embed/PKkJ1WjL55A,
The Flash - Season 3,Candice Patton;Danielle Panabaker;Grant Gustin,HD,,the flash - season 3;gostream;watchfree;free movies;watch series;series9,Action;Adventure;Drama,2016,23,series,//vidcloud.icu/streaming.php?id=OTE3NjE=&title=The Flash - Season 3,//vidcloud.icu/streaming.php?id=OTE3NjE=&title=The Flash - Season 3,//vidcloud.icu/load.php?id=OTE3NjE=&title=The Flash - Season 3,https://www.rapidvideo.com/e/FUTUFHBYC,https://streamango.com/embed/ffsardbtfqltnssp,https://openload.co/embed/wFJUq_qq1mI,
Arrow - Season 5,Katie Cassidy;John Barrowman;Stephen Amell;David Ramsey;Paul Blackthorne;Willa Holland;Emily Bett Rickards,HD,,arrow - season 5;gostream;watchfree;free movies;watch series;series9,Action;Adventure;Crime;Drama;Mystery;Sci-Fi,2016,23,series,//vidcloud.icu/streaming.php?id=OTE5ODg=&title=Arrow - Season 5,//vidcloud.icu/streaming.php?id=OTE5ODg=&title=Arrow - Season 5,//vidcloud.icu/load.php?id=OTE5ODg=&title=Arrow - Season 5,https://www.rapidvideo.com/e/FUU08JHF6,https://streamango.com/embed/sfknttbdrfesfako,https://openload.co/embed/hD5UefRbAgw,
Orange Is the New Black - Season 5,Taylor Schilling;Danielle Brooks;Taryn Manning,HD,,orange is the new black - season 5;gostream;watchfree;free movies;watch series;series9,Comedy;Crime;Drama,2017,13,series,//vidcloud.icu/streaming.php?id=OTUyNTM=&title=Orange Is the New Black - Season 5,//vidcloud.icu/streaming.php?id=OTUyNTM=&title=Orange Is the New Black - Season 5,//vidcloud.icu/load.php?id=OTUyNTM=&title=Orange Is the New Black - Season 5,https://www.rapidvideo.com/e/FT6A2N8MX,https://streamango.com/embed/aqpqlcpnnrfmqsat,https://openload.co/embed/qorNr-VL2xI,
Just Tattoo of Us - Season 01,,HD,,just tattoo of us - season 01;gostream;watchfree;free movies;watch series;series9,TV Show,2017,9,series,//vidcloud.icu/streaming.php?id=OTU1ODc=&title=Just Tattoo of Us - Season 01,//vidcloud.icu/streaming.php?id=OTU1ODc=&title=Just Tattoo of Us - Season 01,//vidcloud.icu/load.php?id=OTU1ODc=&title=Just Tattoo of Us - Season 01,https://www.rapidvideo.com/e/FTC8XZ19K,https://streamango.com/embed/dsaqentpcapsqrpp,https://openload.co/embed/2zmKhlSnfsQ,
The Handmaid's Tale - Season 1,Elisabeth Moss;Joseph Fiennes;Yvonne Strahovski;Alexis Bledel;O-T Fagbenle;Max Minghella;Samira Wiley;Jordana Blake;Amanda Brugel;Bahia Watson;Ever Carradine;Elena Khan,HD 720p,,the handmaid's tale - season 1;gostream;watchfree;free movies;watch series;series9,Drama;Sci-Fi,2017,10,series,//vidcloud.icu/streaming.php?id=OTU2MTM=&title=The Handmaid's Tale - Season 1,//vidcloud.icu/streaming.php?id=OTU2MTM=&title=The Handmaid's Tale - Season 1,//vidcloud.icu/load.php?id=OTU2MTM=&title=The Handmaid's Tale - Season 1,https://www.rapidvideo.com/e/FUV6X898U,https://streamango.com/embed/tbfdpbfcfrbloptr,https://openload.co/embed/oKbRbTfOBO0,
American Gods - Season 1,Crispin Glover,HD,,american gods - season 1;gostream;watchfree;free movies;watch series;series9,Fantasy;Mystery,2017,8,series,//vidcloud.icu/streaming.php?id=OTU3ODU=&title=American Gods - Season 1,//vidcloud.icu/streaming.php?id=OTU3ODU=&title=American Gods - Season 1,//vidcloud.icu/load.php?id=OTU3ODU=&title=American Gods - Season 1,https://www.rapidvideo.com/e/FUV6NPYW7,https://streamango.com/embed/lrtslfcslskkmccs,https://openload.co/embed/q-PlQZRHR-4,
Better Call Saul - Season 3,,HD,,better call saul - season 3;gostream;watchfree;free movies;watch series;series9,Action;Adventure;Crime;Drama,2015,10,series,//vidcloud.icu/streaming.php?id=OTU4NTU=&title=Better Call Saul - Season 3,//vidcloud.icu/streaming.php?id=OTU4NTU=&title=Better Call Saul - Season 3,//vidcloud.icu/load.php?id=OTU4NTU=&title=Better Call Saul - Season 3,https://www.rapidvideo.com/e/FUV6IIR9L,https://streamango.com/embed/dobfqpqtqaetmpks,https://openload.co/embed/moWPrxmLb0I,
Fargo - Season 3,Billy Bob Thornton,HD,,fargo - season 3;gostream;watchfree;free movies;watch series;series9,Crime;Drama;Thriller,2015,10,series,//vidcloud.icu/streaming.php?id=OTU5NDc=&title=Fargo - Season 3,//vidcloud.icu/streaming.php?id=OTU5NDc=&title=Fargo - Season 3,//vidcloud.icu/load.php?id=OTU5NDc=&title=Fargo - Season 3,https://www.rapidvideo.com/e/FUUUFRI7L,https://streamango.com/embed/rfnrobmqedpmrkpl,https://openload.co/embed/leV2TubabUo,
Genius (2017) - Season 1,,HD,,genius (2017) - season 1;gostream;watchfree;free movies;watch series;series9,Biography;Drama;History,2017,10,series,//vidcloud.icu/streaming.php?id=OTU5NTk=&title=Genius (2017) - Season 1,//vidcloud.icu/streaming.php?id=OTU5NTk=&title=Genius (2017) - Season 1,//vidcloud.icu/load.php?id=OTU5NTk=&title=Genius (2017) - Season 1,https://www.rapidvideo.com/e/FTU0E8FM0,https://streamango.com/embed/psdkktelalpfsdct,https://openload.co/embed/uMP3S9NctC8,
Pretty Little Liars - Season 7,Troian Bellisario,HD,,pretty little liars - season 7;gostream;watchfree;free movies;watch series;series9,Drama;Mystery;Romance,2016,20,series,//vidcloud.icu/streaming.php?id=OTYyNTE=&title=Pretty Little Liars - Season 7,//vidcloud.icu/streaming.php?id=OTYyNTE=&title=Pretty Little Liars - Season 7,//vidcloud.icu/load.php?id=OTYyNTE=&title=Pretty Little Liars - Season 7,https://www.rapidvideo.com/e/FUV5SHU9Y,https://streamango.com/embed/tpreqskcrkmmsmdn,https://openload.co/embed/qyfqkK36ZJQ,
Heartbeat - Season 1,Issac Wolf,HD,,heartbeat - season 1;gostream;watchfree;free movies;watch series;series9,Drama,2016,10,series,//vidcloud.icu/streaming.php?id=Nzk2MTU=&title=Heartbeat - Season 1,//vidcloud.icu/streaming.php?id=Nzk2MTU=&title=Heartbeat - Season 1,//vidcloud.icu/load.php?id=Nzk2MTU=&title=Heartbeat - Season 1,https://www.rapidvideo.com/e/FSYA33PFS,https://streamango.com/embed/emcqnrpsfebdcqkd,https://openload.co/embed/Vqup0Zhcjqs,
The Vampire Diaries - Season 8,Ian Somerhalder;Nina Dobrev;Paul Wesley,HD,,the vampire diaries - season 8;gostream;watchfree;free movies;watch series;series9,Drama;Fantasy;Horror,2016,16,series,//vidcloud.icu/streaming.php?id=ODE0NzE=&title=The Vampire Diaries - Season 8,//vidcloud.icu/streaming.php?id=ODE0NzE=&title=The Vampire Diaries - Season 8,//vidcloud.icu/load.php?id=ODE0NzE=&title=The Vampire Diaries - Season 8,https://www.rapidvideo.com/e/FUU9IEK7C,https://streamango.com/embed/cqncfrbklcreqprf,https://openload.co/embed/p4z0-Hb3D_4,
Marvel's Iron Fist,Finn Jones;Jessica Henwick;Jessica Stroup,HD,,marvel's iron fist;gostream;watchfree;free movies;watch series;series9,Action;Adventure;Crime,02017,13,series,//vidcloud.icu/streaming.php?id=ODIwNDQ=&title=Marvel's Iron Fist,//vidcloud.icu/streaming.php?id=ODIwNDQ=&title=Marvel's Iron Fist,//vidcloud.icu/load.php?id=ODIwNDQ=&title=Marvel's Iron Fist,https://www.rapidvideo.com/e/FTEI7BYG2,https://streamango.com/embed/stlkdslkfnsrcarc,https://openload.co/embed/I9VVQ6uPVKc,
Star Wars Rebels - Season 3,Freddie Prinze Jr.;Taylor Gray;Vanessa Marshall,HD,,star wars rebels - season 3;gostream;watchfree;free movies;watch series;series9,Action;Adventure;Animation,2016,21,series,//vidcloud.icu/streaming.php?id=ODI0ODE=&title=Star Wars Rebels - Season 3,//vidcloud.icu/streaming.php?id=ODI0ODE=&title=Star Wars Rebels - Season 3,//vidcloud.icu/load.php?id=ODI0ODE=&title=Star Wars Rebels - Season 3,https://www.rapidvideo.com/e/FT2GR3QNB,https://streamango.com/embed/bdsnmctcbrmpltsl,https://openload.co/embed/ULlB1ZV1Cbc,
Line of Duty - Season 4,,HD,,line of duty - season 4;gostream;watchfree;free movies;watch series;series9,Crime;Drama,2016,1,series,//vidcloud.icu/streaming.php?id=ODI1Mzk=&title=Line of Duty - Season 4,//vidcloud.icu/streaming.php?id=ODI1Mzk=&title=Line of Duty - Season 4,//vidcloud.icu/load.php?id=ODI1Mzk=&title=Line of Duty - Season 4,https://www.rapidvideo.com/e/FTSXVGLHQ,https://streamango.com/embed/kdksrdnedasqnocc,https://openload.co/embed/NnySvR3Uev0,
13 Reasons Why - Season 1,Justin Prentice;Miles Heizer;Devin Druid;Katherine Langford;Christian Navarro;Michael Sadler;Jillian Nordby;Kyra Cromwell,HD,,13 reasons why - season 1;gostream;watchfree;free movies;watch series;series9,Drama;Mystery,2017,13,series,//vidcloud.icu/streaming.php?id=ODMxNTM=&title=13 Reasons Why - Season 1,//vidcloud.icu/streaming.php?id=ODMxNTM=&title=13 Reasons Why - Season 1,//vidcloud.icu/load.php?id=ODMxNTM=&title=13 Reasons Why - Season 1,https://www.rapidvideo.com/e/FUT3PZWN6,https://streamango.com/embed/adaqnssrnqqcklnf,https://openload.co/embed/TMD49Vx3TrI,
Black Sails - Season 4,Hannah New;Jessica Parker Kennedy;Toby Stephens,HD,,black sails - season 4;gostream;watchfree;free movies;watch series;series9,Adventure;Musical,2017,10,series,//vidcloud.icu/streaming.php?id=ODMxOTk=&title=Black Sails - Season 4,//vidcloud.icu/streaming.php?id=ODMxOTk=&title=Black Sails - Season 4,//vidcloud.icu/load.php?id=ODMxOTk=&title=Black Sails - Season 4,https://www.rapidvideo.com/e/FT1Z7VCAS,https://streamango.com/embed/baqsceqbtleeaqne,https://openload.co/embed/0UNk4_2ffrY,
The Walking Dead - Season 7,Andrew Lincoln;Melissa McBride;Norman Reedus,HD,,the walking dead - season 7;gostream;watchfree;free movies;watch series;series9,Drama;Horror;Sci-Fi,2016,16,series,//vidcloud.icu/streaming.php?id=ODMyNTY=&title=The Walking Dead - Season 7,//vidcloud.icu/streaming.php?id=ODMyNTY=&title=The Walking Dead - Season 7,//vidcloud.icu/load.php?id=ODMyNTY=&title=The Walking Dead - Season 7,https://www.rapidvideo.com/e/FUTXFLRDZ,https://streamango.com/embed/paoemoptporrelnn,https://openload.co/embed/0omS7Qk4pUY,
DC's Legends of Tomorrow - Season 2,Dominic Purcell;Victor Garber;Brandon Routh;Franz Drameh;Caity Lotz;Amy Pemberton;Arthur Darvill;Ciara Renée,HD,,dc's legends of tomorrow - season 2;gostream;watchfree;free movies;watch series;series9,Action;Adventure;Drama;Sci-Fi,2016,17,series,//vidcloud.icu/streaming.php?id=ODM0MzQ=&title=DC's Legends of Tomorrow - Season 2,//vidcloud.icu/streaming.php?id=ODM0MzQ=&title=DC's Legends of Tomorrow - Season 2,//vidcloud.icu/load.php?id=ODM0MzQ=&title=DC's Legends of Tomorrow - Season 2,https://www.rapidvideo.com/e/FTKS2SX99,https://streamango.com/embed/dftqlbnnmqqapfal,https://openload.co/embed/wX3ZPuVekLk,
Valkyrien - Season 1,,HD,,valkyrien - season 1;gostream;watchfree;free movies;watch series;series9,Drama,2017,1,series,//vidcloud.icu/streaming.php?id=ODQwMDA=&title=Valkyrien - Season 1,//vidcloud.icu/streaming.php?id=ODQwMDA=&title=Valkyrien - Season 1,//vidcloud.icu/load.php?id=ODQwMDA=&title=Valkyrien - Season 1,https://www.rapidvideo.com/e/FSXZLD18P,https://streamango.com/embed/tmefstsoedcteesp,https://openload.co/embed/2KaRbD7oVKY,
