title,stars,quality,imdb_code,keywords,genres,year,eps,type
Younger - Season 5,Sutton Foster;Miriam Shor;Hilary Duff;Debi Mazar;Nico Tortorella;Peter Hermann;Molly Bernard,HD,,younger - season 5;gostream;watchfree;free movies;watch series;series9,Comedy;Romance,2018,11,series
Suits - Season 8,Rick Hoffman;Sarah Rafferty;Gabriel Macht;Patrick J. Adams;Meghan Markle;Gina Torres;Amanda Schull;Wendell Pierce;Aloma Wright,HD 720,,suits - season 8;gostream;watchfree;free movies;watch series;series9,Comedy;Drama,2018,6,series
Power - Season 5 ,Lela Loren;Omari Hardwick;Naturi Naughton;Joseph Sikora;Shane Johnson;50 Cent;Rotimi,HD 720,,power - season 5 ;gostream;watchfree;free movies;watch series;series9,Crime;Drama,2018,8,series
Sharp Objects - Season 1,Amy Adams;Patricia Clarkson;Chris Messina;Eliza Scanlen;Matt Craven;April Brinson;Henry Czerny,HD 720,,sharp objects - season 1;gostream;watchfree;free movies;watch series;series9,Crime;Drama;Mystery,2018,8,series
Fear the Walking Dead - Season 4,Kim Dickens;Alycia Debnam-Carey;Frank Dillane;Mercedes Mason;Colman Domingo;Ruben Blades;Cliff Curtis;Danay Garcia;Daniel Sharman,HD 720,,fear the walking dead - season 4;gostream;watchfree;free movies;watch series;series9,Drama;Horror;Sci-Fi,2018,11,series
Six - Season 2,Barry Sloane;Kyle Schmid;Juan Pablo Raba;Edwin Hodge;Brianne Davis;Dominic Adams;Jessica Garza;Nadine Velazquez,HD 720,,six - season 2;gostream;watchfree;free movies;watch series;series9,Action;Drama;History,2018,10,series
The Originals - Season 5,Leah Pipes;Phoebe Tonkin;Joseph Morgan;Daniel Gillies;Danielle Campbell;Charles Michael Davis;Yusuf Gatewood;Riley Voelkel;Claire Holt,HD,,the originals - season 5;gostream;watchfree;free movies;watch series;series9,Drama;Fantasy;Horror,2018,13,series
Marvel's Cloak & Dagger - Season 1,Olivia Holt;Aubrey Joseph;Gloria Reuben;Andrea Roth;Miles Mussenden;J.D. Evermore;James Saito,HD 720,,marvel's cloak & dagger - season 1;gostream;watchfree;free movies;watch series;series9,Action;Adventure;Drama,2018,10,series
Love Island - Season 4,,HD 720p,,love island - season 4;gostream;watchfree;free movies;watch series;series9,Drama;Sci-Fi;TV Show,2015,58,series
The 100 - Season 5,Richard Harmon;Devon Bostick;Chelsey Reist;Sachin Sahel;Ricky Whittle;Jarod Joseph;Adina Porter,HD,,the 100 - season 5;gostream;watchfree;free movies;watch series;series9,Drama;Mystery;Sci-Fi,2018,13,series
Reverie - Season 1,Sarah Shahi;Dennis Haysbert;Kathryn Morris;Sendhil Ramamurthy;Jessica Lucas;Jon Fletcher;Gary Kraus;Sasha Compère,HD 720,,reverie - season 1;gostream;watchfree;free movies;watch series;series9,Drama;Thriller,2018,10,series
I Am Frankie - Season 2,Alex Hook;Sophia Forest;Uriel Baldesco;Armani Barrett;Kristi Beckett;Kyson Facer;Mohana Krishnan,HD 720,,i am frankie - season 2;gostream;watchfree;free movies;watch series;series9,Comedy;Drama;Sci-Fi,2018,1,series
Claws - Season 2,Niecy Nash;Carrie Preston;Judy Reyes;Karrueche Tran;Jenn Lyon;Jack Kesy;Dean Norris;Harold Perrineau;Kevin Rankin,HD 720,,claws - season 2;gostream;watchfree;free movies;watch series;series9,Comedy;Crime;Drama,2018,10,series
Elementary - Season 6,Jonny Lee Miller;Lucy Liu;Aidan Quinn;Jon Michael Hill;Jordan Gelber;Ophelia Lovibond;John Noble;Nelsan Ellis,HD 720,,elementary - season 6;gostream;watchfree;free movies;watch series;series9,Crime;Drama;Mystery,2018,17,series
Wentworth - Season 6,Jacqueline Brennan;Katrina Milosevic;Robbie Magasiva;Celia Ireland;Lauri McLennan;Kate Atkinson,HD 720p,,wentworth - season 6;gostream;watchfree;free movies;watch series;series9,Crime;Drama,2018,10,series
Animal Kingdom - Season 3 ,Ellen Barkin;Shawn Hatosy;Ben Robson;Jake Weary;Finn Cole;Scott Speedman;Molly Gordon,HD 720,,animal kingdom - season 3 ;gostream;watchfree;free movies;watch series;series9,Crime;Drama,2018,13,series
Humans - Season 3 ,,HD,,humans - season 3 ;gostream;watchfree;free movies;watch series;series9,Drama;Sci-Fi,2017,8,series
Anne - Season 2,,HD 720p,,anne - season 2;gostream;watchfree;free movies;watch series;series9,Drama,2017,10,series
The Handmaid's Tale - Season 2,Elisabeth Moss;Yvonne Strahovski;Max Minghella;Amanda Brugel;Joseph Fiennes;Madeline Brewer;O-T Fagbenle;Ann Dowd;Samira Wiley;Alexis Bledel,HD,,the handmaid's tale - season 2;gostream;watchfree;free movies;watch series;series9,Drama,2018,13,series
Sacred Games - Season 1,Saif Ali Khan;Nawazuddin Siddiqui;Radhika Apte;Neeraj Kabi;Jitendra Joshi;Shalini Vatsa;Rajshri Deshpande,HD 720,,sacred games - season 1;gostream;watchfree;free movies;watch series;series9,Crime;Drama,2018,8,series
Code Black - Season 3,Melanie Chandra;William Allen Young;Jillian Murray;Emily Tyra;Boris Kodjoe;Raza Jaffrey;Bonnie Somerville;Christina Cannarella;Rob Lowe;Emily Alyn Lind,HD,,code black - season 3;gostream;watchfree;free movies;watch series;series9,Drama,2018,13,series
Pose - Season 1,Evan Peters;Kate Mara;James Van Der Beek;Mj Rodriguez;Dominique Jackson;Billy Porter,HD,,pose - season 1;gostream;watchfree;free movies;watch series;series9,Drama;Musical,2018,8,series
Poldark (2015) - Season 4,Aidan Turner;Eleanor Tomlinson;Jack Farthing;Heida Reed;Tristan Sturrock;Beatie Edney;Caroline Blakiston;Luke Norris,HD 720,,poldark (2015) - season 4;gostream;watchfree;free movies;watch series;series9,Drama;History;Romance,2018,8,series
The Outpost - Season 1,Jessica Green;Jake Stormoen;Imogen Waterhouse;Anand Desai-Barochia;Andrew Howard;Robyn Malcolm;Charan Prabhakar,HD,,the outpost - season 1;gostream;watchfree;free movies;watch series;series9,Fantasy,2018,6,series
Big Little Lies - Season 1,Laura Dern;James Tupper;Alexander Skarsgård,HD,,big little lies - season 1;gostream;watchfree;free movies;watch series;series9,Comedy;Crime;Drama,2017,7,series
Sherlock - Season 4,Benedict Cumberbatch,HD,,sherlock - season 4;gostream;watchfree;free movies;watch series;series9,Crime;Drama;Mystery,2016,3,series
Valkyrien - Season 1,,HD,,valkyrien - season 1;gostream;watchfree;free movies;watch series;series9,Drama,2017,8,series
Modern Marvels - Season 10,,HD,,modern marvels - season 10;gostream;watchfree;free movies;watch series;series9,Documentary;History,1993,52,series
Mr. Robot - Season 03,,HD,,mr. robot - season 03;gostream;watchfree;free movies;watch series;series9,Crime;Drama;Thriller,2017,10,series
Seven Seconds - Season 1,,HD,,seven seconds - season 1;gostream;watchfree;free movies;watch series;series9,Crime;Drama,2018,10,series
DC's Legends of Tomorrow - Season 3,Dominic Purcell;Victor Garber;Maisie Richardson-Sellers;Brandon Routh;Nick Zano;Franz Drameh;Caity Lotz;Amy Pemberton,HD,,dc's legends of tomorrow - season 3;gostream;watchfree;free movies;watch series;series9,Action;Adventure;Drama;Sci-Fi,2017,18,series
New Girl - Season 7 ,Zooey Deschanel;Jake Johnson;Max Greenfield,HD,,new girl - season 7 ;gostream;watchfree;free movies;watch series;series9,Comedy,2018,8,series
Siren - Season 1,Tammy Gillis;Rena Owen;Ron Yuan;Sibongile Mlambo;Eline Powell;Curtis Lum;Fola Evans-Akingbola;Ian Verdun,HD 720,,siren - season 1;gostream;watchfree;free movies;watch series;series9,Drama;Fantasy,2018,10,series
The Good Fight - Season 2,,HD ,,the good fight - season 2;gostream;watchfree;free movies;watch series;series9,Drama,2018,13,series
Killing Eve - Season 1,Sandra Oh;Jodie Comer;Fiona Shaw,HD 720,,killing eve - season 1;gostream;watchfree;free movies;watch series;series9,Thriller,2018,8,series
Deception - Season 1,Lenora Crichlow;Laila Robins;Justin Chon;Amaury Nolasco;Ilfenesh Hadera;Tanc Sade;Ruben Navarro;Joe Carroll,HD,,deception - season 1;gostream;watchfree;free movies;watch series;series9,Drama,2018,13,series
Picnic at Hanging Rock - Season 1,Natalie Dormer;Lily Sullivan;Lola Bessis;Harrison Gilbertson;Samara Weaving;Madeleine Madden,HD 720p,,picnic at hanging rock - season 1;gostream;watchfree;free movies;watch series;series9,Drama;Mystery;Romance,2018,6,series
Trust - Season 1,Brendan Fraser;Harris Dickinson;Michael Esper;Donald Sutherland,HD 720,,trust - season 1;gostream;watchfree;free movies;watch series;series9,Comedy;Drama,2018,10,series
iZombie - Season 4,Rose McIver;Malcolm Goodwin;Rahul Kohli;Aly Michalka;Robert Buckley;David Anders;Bryce Hodgson,HD,,izombie - season 4;gostream;watchfree;free movies;watch series;series9,Comedy;Crime;Drama,2018,13,series
Lucifer - Season 3,Lauren German;DB Woodside;Aimee Garcia;Tom Ellis;Lesley Ann Brandt;Rachael Harris;Kevin Alejandro;Scarlett Estevez,HD 720,,lucifer - season 3;gostream;watchfree;free movies;watch series;series9,Comedy,0,26,series
Unbreakable Kimmy Schmidt - Season 4,Ellie Kemper;Tituss Burgess;Carol Kane;Jane Krakowski;Sara Chase,HD 720,,unbreakable kimmy schmidt - season 4;gostream;watchfree;free movies;watch series;series9,Comedy;Drama,2018,6,series
The Americans - Season 6,Keri Russell;Matthew Rhys;Keidrich Sellati,HD,,the americans - season 6;gostream;watchfree;free movies;watch series;series9,Crime;Drama;Mystery,2018,10,series
Sense8 - Season 2,Terrence Mann;Doona Bae,HD 720p,,sense8 - season 2;gostream;watchfree;free movies;watch series;series9,Drama;Mystery;Sci-Fi,2017,12,series
Patrick Melrose - Season 1,Benedict Cumberbatch;Jennifer Jason Leigh;Sebastian Maltz;Jessica Raine;Hugo Weaving;Prasanna Puwanarajah;Pip Torrens;Anna Madeley,HD 720p,,patrick melrose - season 1;gostream;watchfree;free movies;watch series;series9,Drama,2018,5,series
The Crossing - Season 1,,HD,,the crossing - season 1;gostream;watchfree;free movies;watch series;series9,Adventure;Drama;Sci-Fi,2018,11,series
Billions - Season 3,Damian Lewis;Paul Giamatti;Malin Akerman;Maggie Siff;Condola Rashad;David Costabile;Toby Leonard Moore;Kelly AuCoin,HD 720,,billions - season 3;gostream;watchfree;free movies;watch series;series9,Drama,2018,12,series
Legion - Season 2,Dan Stevens;Aubrey Plaza;Jean Smart;Katie Aselton;Bill Irwin;Amber Midthunder;Jeremie Harris;Rachel Keller,HD,,legion - season 2;gostream;watchfree;free movies;watch series;series9,Action;Drama;Sci-Fi,2018,11,series
Archer - Season 9,H. Jon Benjamin;Judy Greer;Amber Nash;Chris Parnell;Aisha Tyler;Jessica Walter;Adam Reed;Lucky Yates,HD,,archer - season 9;gostream;watchfree;free movies;watch series;series9,Action;Animation;Comedy,2018,8,series
Goliath - Season 2,Billy Bob Thornton;Tania Raymonde;Nina Arianda;Diana Hopper;Julie Brister;William Hurt;Ana de la Reguera;Maria Bello,HD 720,,goliath - season 2;gostream;watchfree;free movies;watch series;series9,Drama,2018,8,series
Into The Badlands - Season 3,Daniel Wu;Orla Brady;Aramis Knight;Emily Beecham;Ally Ioannides;Nick Frost;Sherman Augustus,HD 720,,into the badlands - season 3;gostream;watchfree;free movies;watch series;series9,Action;Adventure;Drama,2018,8,series
Supergirl - Season 3,Katie McGrath;Chyler Leigh;Mehcad Brooks;Melissa Benoist;Jeremy Jordan;Chris Wood;David Harewood,HD,,supergirl - season 3;gostream;watchfree;free movies;watch series;series9,Action;Adventure;Drama,2016,23,series
Genius - Season 2,Jon Fletcher;Lucy Russell;Sebastian Roché;Lucas Englander,HD,,genius - season 2;gostream;watchfree;free movies;watch series;series9,Biography;Drama;History,2018,10,series
Marvel's Luke Cage - Season 2,,HD 720p,,marvel's luke cage - season 2;gostream;watchfree;free movies;watch series;series9,Action;Crime;Drama,2018,13,series
Westworld - Season 2,Evan Rachel Wood;Thandie Newton;Jeffrey Wright;James Marsden;Ed Harris;Talulah Riley,HD 720,,westworld - season 2;gostream;watchfree;free movies;watch series;series9,Drama;Mystery;Sci-Fi,2018,10,series
The Expanse - Season 3 ,Steven Strait;Shohreh Aghdashloo;Cas Anvar;Wes Chatham;Shawn Doyle;Dominique Tipper;Frankie Adams;Florence Faivre,HD,,the expanse - season 3 ;gostream;watchfree;free movies;watch series;series9,Drama;Mystery,2018,12,series
GLOW - Season 2,Britney Young;Sydelle Noel;Britt Baron;Marc Maron;Alison Brie;Betty Gilpin;Kimmy Gatewood,HD 720,,glow - season 2;gostream;watchfree;free movies;watch series;series9,Comedy;Drama;Sport,0,10,series
The Blacklist - Season 5 ,James Spader;Amir Arison;Megan Boone;Diego Klattenhoff;Harry Lennix;Mozhan Marnò;Ryan Eggold;Hisham Tawfiq,HD,,the blacklist - season 5 ;gostream;watchfree;free movies;watch series;series9,Crime;Drama;Mystery,2017,22,series
SEAL Team - Season 1,Jessica Paré;Max Thieriot;David Boreanaz;Aj Buckley;Toni Trucks;Judd Lormand;Tyler Grey;Neil Brown Jr.,HD,,seal team - season 1;gostream;watchfree;free movies;watch series;series9,Drama,2017,22,series
Designated Survivor - Season 2,Kiefer Sutherland;Natascha McElhone;Kal Penn;Maggie Q;Italia Ricci;LaMonica Garrett;Jake Epstein;Adan Canto,HD,,designated survivor - season 2;gostream;watchfree;free movies;watch series;series9,Drama;Thriller,2017,22,series
Modern Family - Season 9,Julie Bowen;Ed ONeill;Sofía Vergara;Ty Burrell;Eric Stonestreet;Jesse Tyler Ferguson;Rico Rodriguez;Nolan Gould,HD,,modern family - season 9;gostream;watchfree;free movies;watch series;series9,Comedy;Romance,2017,22,series
The Goldbergs - Season 5,AJ Michalka;George Segal;Sean Giambrone;Patton Oswalt;Jeff Garlin;Wendi McLendon-Covey;Troy Gentile;Hayley Orrantia,HD,,the goldbergs - season 5;gostream;watchfree;free movies;watch series;series9,Comedy,2017,22,series
Riverdale - Season 2,Luke Perry;Marisol Nichols;Cole Sprouse;Lili Reinhart;K.J. Apa;Camila Mendes;Madelaine Petsch;Casey Cott,HD,,riverdale - season 2;gostream;watchfree;free movies;watch series;series9,Drama,2017,22,series
Gotham - Season 4,Sean Pertwee;Ben McKenzie;Donal Logue;David Mazouz;Erin Richards;Robin Lord Taylor;Camren Bicondova;Cory Michael Smith,HD,,gotham - season 4;gostream;watchfree;free movies;watch series;series9,Action;Crime;Drama,2017,22,series
Arrow - Season 6,Katie Cassidy;John Barrowman;Stephen Amell;David Ramsey;Paul Blackthorne;Willa Holland;Emily Bett Rickards,HD,,arrow - season 6;gostream;watchfree;free movies;watch series;series9,Action;Adventure;Crime;Drama;Mystery;Sci-Fi,2017,23,series
Grey's Anatomy - Season 14,Sandra Oh;Patrick Dempsey;Kevin McKidd;Ellen Pompeo;Justin Chambers;Chandra Wilson;James Pickens Jr.;Sara Ramirez,HD,,grey's anatomy - season 14;gostream;watchfree;free movies;watch series;series9,Drama;Romance,2017,24,series
Supernatural - Season 13,Jensen Ackles;Jared Padalecki,HD,,supernatural - season 13;gostream;watchfree;free movies;watch series;series9,Drama;Horror,2017,23,series
Hawaii Five-0 - Season 8,,HD,,hawaii five-0 - season 8;gostream;watchfree;free movies;watch series;series9,Action;Crime;Drama,2016,25,series
Once Upon a Time - Season 7,Ginnifer Goodwin;Colin O'Donoghue;Robert Carlyle;Emilie de Ravin;Jennifer Morrison;Lana Parrilla;Josh Dallas;Jared Gilmore,HD,,once upon a time - season 7;gostream;watchfree;free movies;watch series;series9,Adventure;Fantasy;Romance,2017,22,series
13 Reasons Why - Season 2 ,Dylan Minnette;Katherine Langford;Christian Navarro;Gregg Araki;Michele Selene Ang;Joseph C Phillips;William W Barbour;Michael Sadler;Nina Cheek;Cassie Hendry,HD,,13 reasons why - season 2 ;gostream;watchfree;free movies;watch series;series9,Drama;Mystery,2018,14,series
Marvel's Agents of S.H.I.E.L.D. - Season 5,Clark Gregg;Ming-Na Wen;Brett Dalton,HD ,,marvel's agents of s.h.i.e.l.d. - season 5;gostream;watchfree;free movies;watch series;series9,Action;Drama;Sci-Fi,2017,22,series
Brooklyn Nine-Nine - Season 5,,HD,,brooklyn nine-nine - season 5;gostream;watchfree;free movies;watch series;series9,Action;Comedy;Sitcom,2014,22,series
NCIS: Los Angeles - Season 9,,HD,,ncis: los angeles - season 9;gostream;watchfree;free movies;watch series;series9,Crime;Drama,2015,23,series
Family Guy - Season 16,Seth Green;Patrick Warburton;Mila Kunis;Seth MacFarlane;Alex Borstein;Mike Henry;John Viener;Danny Smith,HD,,family guy - season 16;gostream;watchfree;free movies;watch series;series9,Animation;Comedy;Costume;Crime,2017,20,series
For the People - Season 1,Wesam Keesh;Jasmin Savoy Brown;Rahvaunia,HD,,for the people - season 1;gostream;watchfree;free movies;watch series;series9,Drama,2018,10,series
The Flash -  Season 4,Danielle Panabaker;Grant Gustin;Candice Patton;Jesse L. Martin;Tom Cavanagh;Carlos Valdes;Keiynan Lonsdale,HD,,the flash -  season 4;gostream;watchfree;free movies;watch series;series9,Action;Adventure;Drama,2017,23,series
Deep State - Season 1,Anastasia Griffith;Mark Strong;Joe Dempsie;Karima McAdams;Lyne Renee;Alistair Petrie;Cara Bossom;Adrien Jolivet;Indica Watson;Rachel Shelley,HD 720,,deep state - season 1;gostream;watchfree;free movies;watch series;series9,Drama,2018,8,series
NCIS - Season 15,,HD,,ncis - season 15;gostream;watchfree;free movies;watch series;series9,Action;Crime,2016,24,series
Law & Order: Special Victims Unit - Season 19,Tamara Tunie;BD Wong;Ice-T;Christopher Meloni;Mariska Hargitay;Dann Florek;Richard Belzer,HD,,law & order: special victims unit - season 19;gostream;watchfree;free movies;watch series;series9,Crime;Drama;Mystery,2017,23,series
Krypton - Season 1,Rasmus Hardiker;Ian McElhinney;Georgina Campbell;Elliot Cowan;Ann Ogbomo;Wallis Day;Cameron Cuffe;Aaron Pierre,HD720p,,krypton - season 1;gostream;watchfree;free movies;watch series;series9,Action;Adventure;Drama,2018,10,series
The Terror - Season 1,Jared Harris;Ciarán Hinds;Tobias Menzies,HD 720,,the terror - season 1;gostream;watchfree;free movies;watch series;series9,Drama;Horror,2018,10,series
Lost in Space (2018) - Season 1,Parker Posey;Toby Stephens;Ignacio Serricchio;Molly Parker;Taylor Russell;Mina Sundwall;Maxwell Jenkins;Amelia Burstyn,HD 720,,lost in space (2018) - season 1;gostream;watchfree;free movies;watch series;series9,Sci-Fi,2018,10,series
Ordeal By Innocence - Season 1,Anna Chancellor;Anthony Boyle;Morven Christie,HD 720p,,ordeal by innocence - season 1;gostream;watchfree;free movies;watch series;series9,Drama;Mystery;TV Show,2018,3,series
The Walking Dead - Season 8,,HD,,the walking dead - season 8;gostream;watchfree;free movies;watch series;series9,Drama;Horror;Sci-Fi,2016,16,series
Black Lightning - Season 1,Skye P. Marshall;Christine Adams;Gregg Henry;Cress Williams;Nafessa Williams;China Anne McClain;Damon Gupton;William Catlett,HD,,black lightning - season 1;gostream;watchfree;free movies;watch series;series9,Action;Drama;Sci-Fi,2018,13,series
Criminal Minds - Season 13,Thomas Gibson;Matthew Gray Gubler;Kirsten Vangsness;Joe Mantegna;Shemar Moore;Paget Brewster;Aj Cook,HD,,criminal minds - season 13;gostream;watchfree;free movies;watch series;series9,Crime;Drama;Mystery,2017,22,series
Scandal - Season 7 ,Kerry Washington;Tony Goldwyn;Darby Stanchfield;Katie Lowes;Guillermo Díaz;Bellamy Young;Joshua Malina;Jeff Perry,HD,,scandal - season 7 ;gostream;watchfree;free movies;watch series;series9,Drama;Thriller,2017,18,series
Money Heist - Season 2,Úrsula Corberó;Itziar Ituño;Álvaro Morte;Pedro Alonso;Alba Flores,HD 720p,,money heist - season 2;gostream;watchfree;free movies;watch series;series9,Action;Crime;Mystery,2017,9,series
Suits - Season 7,Gabriel Macht;Gina Torres;Meghan Markle;Patrick J Adams;Rick Hoffman;Sarah Rafferty,HD,,suits - season 7;gostream;watchfree;free movies;watch series;series9,Comedy;Drama,2017,16,series
Homeland - Season 7,Damian Lewis;Rupert Friend;Mandy Patinkin;Claire Danes;Morena Baccarin;F. Murray Abraham;Maury Sterling;Jackson Pace,HD ,,homeland - season 7;gostream;watchfree;free movies;watch series;series9,Crime;Drama,2018,12,series
Good Girls - Season 1,,HD,,good girls - season 1;gostream;watchfree;free movies;watch series;series9,Drama,2018,10,series
Cobra Kai,Tanner Buchanan;Xolo Maridueña;Ralph Macchio;William Zabka;Courtney Henggeler;Mary Mouser;Joe Seo;Jacob Bertrand;Nichole Brown,HD 720,,cobra kai;gostream;watchfree;free movies;watch series;series9,Action;Comedy;Drama,2018,10,series
The Rain - Season 1,Lars Simonsen;Iben Hjejle;Johannes Kuhnke;Rashid Aitouganov;Inge Lise Goltermann,HD,,the rain - season 1;gostream;watchfree;free movies;watch series;series9,Thriller,2018,8,series
Lethal Weapon - Season 2,Mel Gibson;Danny Glover;Joe Pesci,HD,,lethal weapon - season 2;gostream;watchfree;free movies;watch series;series9,Action;Crime;Thriller,2017,22,series
Safe - Season 1,Amanda Abbington;Hannah Arterton;Louis Greatorex,HD 720,,safe - season 1;gostream;watchfree;free movies;watch series;series9,Drama,2018,8,series
The Big Bang Theory - Season 11,Kaley Cuoco;Melissa Rauch;Johnny Galecki;Jim Parsons;Kunal Nayyar;Simon Helberg;Mayim Bialik,HD,,the big bang theory - season 11;gostream;watchfree;free movies;watch series;series9,Comedy,2016,24,series
Young Sheldon - Season 1,Doc Farrow;Wyatt McClure;Danielle Pinnock,HD,,young sheldon - season 1;gostream;watchfree;free movies;watch series;series9,Comedy,2017,22,series
Atlanta - Season 2,Donald Glover;Harold House Moore;Cranston Johnson;RJ Walker;Lakeith Stanfield;Zazie Beetz;Brian Tyree Henry;Matthew Barnes,HD,,atlanta - season 2;gostream;watchfree;free movies;watch series;series9,Comedy;Drama,2018,11,series
Silicon Valley - Season 5,Josh Brener;Thomas Middleditch;T.J. Miller;Amanda Crew;Matt Ross;Martin Starr;Zach Woods;Kumail Nanjiani,HD 720,,silicon valley - season 5;gostream;watchfree;free movies;watch series;series9,Comedy,2018,8,series
Barry - Season 1,Bill Hader;Henry Winkler;Stephen Root,HD 720,,barry - season 1;gostream;watchfree;free movies;watch series;series9,Comedy,2018,8,series
Timeless - Season 2,Matt Lanter;Abigail Spencer;Paterson Joseph;John Getz;Goran Visnjic;Malcolm Barrett;Sakina Jaffrey;Claudia Doumit,HD,,timeless - season 2;gostream;watchfree;free movies;watch series;series9,Action;Adventure;Drama,2018,9,series
The Royals - Season 4,William Moseley;Elizabeth Hurley;Oliver Milburn;Tom Austen;Genevieve Gaunt;Alexandra Park;Jake Maskall;Victoria Ekanoye,HD,,the royals - season 4;gostream;watchfree;free movies;watch series;series9,Drama,2018,10,series
The Resident - Season 1,Merrin Dungey;Bruce Greenwood;Moran Atias;Emily VanCamp;Manish Dayal;Matt Czuchry;Melina Kanakaredes;Shaunette Renée Wilson,HD 720p,,the resident - season 1;gostream;watchfree;free movies;watch series;series9,Drama,2018,14,series
Strike Back - Season 6,Robson Green;Sullivan Stapleton;Philip Winchester;Michelle Lukes;Rhashan Stone,HD,,strike back - season 6;gostream;watchfree;free movies;watch series;series9,Action;Drama;Thriller,2017,10,series
Waco - Season 1,,HD,,waco - season 1;gostream;watchfree;free movies;watch series;series9,Crime;Drama;Thriller;Xmas,2018,6,series
Collateral - Season 1,,HD,,collateral - season 1;gostream;watchfree;free movies;watch series;series9,Crime;Drama;Mystery;TV Show,2018,4,series
Friends season 10,,HD 720,,friends season 10;gostream;watchfree;free movies;watch series;series9,Comedy;Romance,2003,17,series
Jessica Jones - Season 2 ,Eka Darville;Krysten Ritter;Carrie-Anne Moss;David Tennant;Rachael Taylor;JR Ramirez,HD,,jessica jones - season 2 ;gostream;watchfree;free movies;watch series;series9,Action;Crime;Drama,2018,13,series
Sneaky Pete - Season 2,,HD,,sneaky pete - season 2;gostream;watchfree;free movies;watch series;series9,Crime;Drama,2015,10,series
Love - Season 3,,HD 720,,love - season 3;gostream;watchfree;free movies;watch series;series9,Comedy;Drama;Romance,2018,12,series
This Is Us - Season 2,,HD,,this is us - season 2;gostream;watchfree;free movies;watch series;series9,Comedy;Drama,0,18,series
How To Get Away With Murder - Season 4,Karla Souza;Billy Brown;Matt McGorry;Charlie Weber;Viola Davis;Jack Falahee;Liza Weil;Aja Naomi King,HD,,how to get away with murder - season 4;gostream;watchfree;free movies;watch series;series9,Crime;Drama;Mystery,2017,15,series
RuPaul's All Stars Drag Race - Season 3,,HD,,rupaul's all stars drag race - season 3;gostream;watchfree;free movies;watch series;series9,TV Show,2017,8,series
On My Block - Season 1,,HD 720,,on my block - season 1;gostream;watchfree;free movies;watch series;series9,Comedy;TV Show,2018,10,series
The X Files - Season 11,,HD,,the x files - season 11;gostream;watchfree;free movies;watch series;series9,Drama;Mystery;Sci-Fi,2017,10,series
9-1-1 - Season 1,,HD,,9-1-1 - season 1;gostream;watchfree;free movies;watch series;series9,Drama,2018,10,series
American Crime Story - Season 2,John Travolta;Cuba Gooding Jr;Sarah Paulson;Courtney B. Vance;Sterling K. Brown;Kenneth Choi;Christian Clemenson;Romeo Visca,HD,,american crime story - season 2;gostream;watchfree;free movies;watch series;series9,Biography;Crime;Drama,2018,9,series
 Dragon Ball Super,Masako Nozawa;Sean Schemmel,HD 720p,, dragon ball super;gostream;watchfree;free movies;watch series;series9,Action;Adventure;Animation,2015,131,series
The Good Doctor - Season 1,Freddie Highmore;Beau Garrett;Tamlyn Tomita;Nicholas Gonzalez;Richard Schiff;Hill Harper;Antonia Thomas;Chuku Modu,HD,,the good doctor - season 1;gostream;watchfree;free movies;watch series;series9,Drama,2017,18,series
The Alienist - Season 1,,HD,,the alienist - season 1;gostream;watchfree;free movies;watch series;series9,Crime;Drama,2017,10,series
A Series of Unfortunate Events - Season 2,Neil Patrick Harris;Patrick Warburton;Malina Weissman,HD 720,,a series of unfortunate events - season 2;gostream;watchfree;free movies;watch series;series9,Adventure;Drama;Family,2018,10,series
Counterpart - Season 1,,HD,,counterpart - season 1;gostream;watchfree;free movies;watch series;series9,Drama;Sci-Fi;Thriller,2018,10,series
The Magicians - Season 3,Jason Ralph;Summer Bishil;Jade Tailor;Stella Maeve;Olivia Taylor Dudley;Rick Worthy;Hale Appleman;Arjun Gupta,HD,,the magicians - season 3;gostream;watchfree;free movies;watch series;series9,Drama;Fantasy;Horror,2018,13,series
Will and Grace - Season 9,,HD,,will and grace - season 9;gostream;watchfree;free movies;watch series;series9,Comedy;Romance,2017,16,series
Troy: Fall Of A City - Season 1,,HD,,troy: fall of a city - season 1;gostream;watchfree;free movies;watch series;series9,Action;History;War,2018,8,series
Heartland - Season 11,Chris Potter;Amber Marshall;Michelle Morgan;Graham Wardle;Shaun Johnston;Jessica Amlee;Kerry James;Alisha Newton,HD,,heartland - season 11;gostream;watchfree;free movies;watch series;series9,Drama;Family,2016,18,series
The Ranch (US) - Season 2,Ashton Kutcher;Danny Masterson;Debra Winger,HD,,the ranch (us) - season 2;gostream;watchfree;free movies;watch series;series9,Comedy,2017,20,series
Peaky Blinders - Season 4,Cillian Murphy;Paul Anderson;Helen McCrory;Ned Dennehy;Annabelle Wallis;Joe Cole;Sophie Rundle;Ian Peck,HD,,peaky blinders - season 4;gostream;watchfree;free movies;watch series;series9,Crime;Drama,2017,6,series
Longmire - Season 6,,HD,,longmire - season 6;gostream;watchfree;free movies;watch series;series9,Action;Crime;Drama,2015,10,series
Doctor Who - Season 10,Peter Capaldi;Jenna Coleman;Matt Smith;David Tennant;Billie Piper;Karen Gillan;Paul Kasey;Nicholas Briggs,HD,,doctor who - season 10;gostream;watchfree;free movies;watch series;series9,Adventure;Drama;Family;Mystery;Sci-Fi,2017,13,series
Victoria - Season 2,,HD,,victoria - season 2;gostream;watchfree;free movies;watch series;series9,Biography;Drama;History,2016,9,series
Doctor Who - Season 11,,HD,,doctor who - season 11;gostream;watchfree;free movies;watch series;series9,Drama;Family;Sci-Fi,2017,0,series
Black Mirror - Season 4,,HD,,black mirror - season 4;gostream;watchfree;free movies;watch series;series9,Drama;Sci-Fi;Thriller,2017,6,series
The End of the F***ing World - Season 1,,HD,,the end of the f***ing world - season 1;gostream;watchfree;free movies;watch series;series9,Comedy;Drama,2018,8,series
Marvel's Runaways - Season 1,,HD,,marvel's runaways - season 1;gostream;watchfree;free movies;watch series;series9,Action;Drama;Sci-Fi,2017,10,series
Philip K. Dick's Electric Dreams - Season 1,,HD,,philip k. dick's electric dreams - season 1;gostream;watchfree;free movies;watch series;series9,Sci-Fi;TV Show,2017,10,series
The Gifted - Season 1 ,Emma Dumont;Garret Dillahunt,HD,,the gifted - season 1 ;gostream;watchfree;free movies;watch series;series9,Action;Family,2017,12,series
Britannia - Season 1,,HD,,britannia - season 1;gostream;watchfree;free movies;watch series;series9,Drama;Fantasy;TV Show,2017,9,series
Vikings - Season 5 ,Travis Fimmel,HD,,vikings - season 5 ;gostream;watchfree;free movies;watch series;series9,Action;Drama;History,0,10,series
Shameless - Season 8,,HD,,shameless - season 8;gostream;watchfree;free movies;watch series;series9,TV Show,2016,12,series
The Brave - Season 01,,HD,,the brave - season 01;gostream;watchfree;free movies;watch series;series9,Action;Drama;Thriller,2017,13,series
Game of Thrones - Season 7,Lena Headey;Peter Dinklage;Sophie Turner;Kit Harington;Emilia Clarke;Nikolaj Coster-Waldau;Maisie Williams,HD,,game of thrones - season 7;gostream;watchfree;free movies;watch series;series9,Action;Adventure;Fantasy,2017,100,series
Happy! - Season 1,,HD 720p,,happy! - season 1;gostream;watchfree;free movies;watch series;series9,Comedy;Crime,0,8,series
Altered Carbon - Season 1,,HD ,,altered carbon - season 1;gostream;watchfree;free movies;watch series;series9,Drama;Sci-Fi;Thriller,2018,10,series
Money Heist - Season 1,Úrsula Corberó;Itziar Ituño;Álvaro Morte;Pedro Alonso;Alba Flores,HD,,money heist - season 1;gostream;watchfree;free movies;watch series;series9,Action;Crime;Mystery,2017,13,series
Cardinal - Season 2,Billy Campbell;Karine Vanasse;Glen Gould;Eric Hicks;Alanna Bale;Zach Smadu,HD,,cardinal - season 2;gostream;watchfree;free movies;watch series;series9,Drama;Thriller,2018,6,series
Star Trek: Discovery - Season 1,,HD,,star trek: discovery - season 1;gostream;watchfree;free movies;watch series;series9,Sci-Fi,2017,15,series
The Grand Tour - Season 2,,HD,,the grand tour - season 2;gostream;watchfree;free movies;watch series;series9,TV Show,2017,11,series
Everything Sucks! - Season 1,,HD ,,everything sucks! - season 1;gostream;watchfree;free movies;watch series;series9,Comedy,2018,10,series
Nashville - Season 5,Clare Bowen;Connie Britton;Hayden Panettiere,HD,,nashville - season 5;gostream;watchfree;free movies;watch series;series9,Drama;Musical;Romance,2016,22,series
Marvel's The Defenders - Season 1,,HD,,marvel's the defenders - season 1;gostream;watchfree;free movies;watch series;series9,Action;Adventure;Crime,0,8,series
The Mist - Season 1,Alyssa Sutherland,HD,,the mist - season 1;gostream;watchfree;free movies;watch series;series9,Drama;Horror,2017,10,series
Power - Season 4,,HD,,power - season 4;gostream;watchfree;free movies;watch series;series9,Crime;Drama,2017,10,series
Twin Peaks - Season 3 ,,HD,,twin peaks - season 3 ;gostream;watchfree;free movies;watch series;series9,Crime;Drama;Mystery,1990,18,series
Insecure - Season 2,,HD,,insecure - season 2;gostream;watchfree;free movies;watch series;series9,Drama,2016,8,series
The Sinner - Season 1,,HD,,the sinner - season 1;gostream;watchfree;free movies;watch series;series9,Thriller,2017,8,series
Teen Wolf - Season 6,Holland Roden;Tyler Posey;Dylan O'Brien,HD,,teen wolf - season 6;gostream;watchfree;free movies;watch series;series9,Action;Comedy;Drama,2016,20,series
Big Mouth - Season 1,,HD,,big mouth - season 1;gostream;watchfree;free movies;watch series;series9,Animation,2017,10,series
Rick and Morty - Season 3,Justin Roiland;Chris Parnell;Spencer Grammer,HD,,rick and morty - season 3;gostream;watchfree;free movies;watch series;series9,Adventure;Animation;Comedy,2017,10,series
Mindhunter - Season 01,,HD,,mindhunter - season 01;gostream;watchfree;free movies;watch series;series9,Crime;Drama;Thriller,2017,10,series
Fear The Walking Dead - Season 3,,HD,,fear the walking dead - season 3;gostream;watchfree;free movies;watch series;series9,Drama;Horror;Thriller,2017,15,series
Gunpowder - Season 1,,HD,,gunpowder - season 1;gostream;watchfree;free movies;watch series;series9,Action;Drama;TV Show,2017,3,series
Stranger Things - Season 2,,HD,,stranger things - season 2;gostream;watchfree;free movies;watch series;series9,Drama;Horror;Thriller,2017,9,series
Marvel's Inhumans - Season 1,,HD,,marvel's inhumans - season 1;gostream;watchfree;free movies;watch series;series9,Action;Adventure;Sci-Fi,2017,8,series
Future Man - Season 1,Josh Hutcherson;Robert Craighead;Jason Scott Jenkins,,,future man - season 1;gostream;watchfree;free movies;watch series;series9,Action;Comedy;Drama;Fantasy,2017,13,series
American Horror Story - Season 7,,HD,,american horror story - season 7;gostream;watchfree;free movies;watch series;series9,Drama;Horror;Thriller,2017,11,series
Marvel's The Punisher - Season 1,,HD,,marvel's the punisher - season 1;gostream;watchfree;free movies;watch series;series9,Action;Adventure;Crime,2017,13,series
Godless - Season 1,,HD,,godless - season 1;gostream;watchfree;free movies;watch series;series9,Action;Adventure;Drama,2017,7,series
Dark - Season 1,,HD ,,dark - season 1;gostream;watchfree;free movies;watch series;series9,Crime;Drama;Mystery,2017,10,series
South Park - Season 21,,HD,,south park - season 21;gostream;watchfree;free movies;watch series;series9,Animation;Comedy,2017,10,series
The Orville - Season 01,,HD,,the orville - season 01;gostream;watchfree;free movies;watch series;series9,Adventure;Comedy;Drama,2017,12,series
Outlander - Season 3,,HD,,outlander - season 3;gostream;watchfree;free movies;watch series;series9,Drama;Romance;Sci-Fi,2017,13,series
Bates Motel - Season 5,Vera Farmiga;Freddie Highmore;Max Thieriot,HD,,bates motel - season 5;gostream;watchfree;free movies;watch series;series9,Drama;Horror;Mystery,2017,11,series
Famous in Love - Season 1,,HD,,famous in love - season 1;gostream;watchfree;free movies;watch series;series9,Drama;Romance,2017,10,series
Feud - Season 1,Jessica Lange;Susan Sarandon;Judy Davis,HD,,feud - season 1;gostream;watchfree;free movies;watch series;series9,Biography;Drama,02017,8,series
Line of Duty - Season 4,,HD,,line of duty - season 4;gostream;watchfree;free movies;watch series;series9,Crime;Drama,2016,6,series
Billions - Season 2,Damian Lewis;Paul Giamatti;Malin Akerman;Maggie Siff;Toby Leonard Moore;Daniel K Isaac;Ilfenesh Hadera;Kelly AuCoin,HD,,billions - season 2;gostream;watchfree;free movies;watch series;series9,Drama,2017,12,series
Black-ish - Season 3,Anthony Anderson;Marcus Scribner;Tracee Ellis Ross,HD,,black-ish - season 3;gostream;watchfree;free movies;watch series;series9,Comedy,2016,24,series
The Big Bang Theory - Season 10,Jim Parsons;Johnny Galecki;Kaley Cuoco,HD,,the big bang theory - season 10;gostream;watchfree;free movies;watch series;series9,Comedy,2016,24,series
Riverdale - Season 1,K.J. Apa;Lili Reinhart;Camila Mendes;Cole Sprouse;Marisol Nichols;Luke Perry;Casey Cott;Madelaine Petsch;Mädchen Amick;Lochlyn Munro;Hayley Law;Asha Bromfield,HD,,riverdale - season 1;gostream;watchfree;free movies;watch series;series9,Drama,2017,13,series
The Middle - Season 8,Eileen Heisler;Ilana Wernick,HD,,the middle - season 8;gostream;watchfree;free movies;watch series;series9,Comedy;Family,2016,23,series
Supernatural - Season 12,Jared Padalecki;Jensen Ackles;Jim Beaver,HD,,supernatural - season 12;gostream;watchfree;free movies;watch series;series9,Drama;Fantasy;Horror,2016,23,series
Grey's Anatomy - Season 13,Chandra Wilson;Ellen Pompeo;Justin Chambers,HD,,grey's anatomy - season 13;gostream;watchfree;free movies;watch series;series9,Drama;Romance,2016,24,series
Supergirl - Season 2,Chyler Leigh;Mehcad Brooks;Melissa Benoist,HD,,supergirl - season 2;gostream;watchfree;free movies;watch series;series9,Action;Adventure;Drama,2016,22,series
The Flash - Season 3,Candice Patton;Danielle Panabaker;Grant Gustin,HD,,the flash - season 3;gostream;watchfree;free movies;watch series;series9,Action;Adventure;Drama,2016,23,series
Arrow - Season 5,Katie Cassidy;John Barrowman;Stephen Amell;David Ramsey;Paul Blackthorne;Willa Holland;Emily Bett Rickards,HD,,arrow - season 5;gostream;watchfree;free movies;watch series;series9,Action;Adventure;Crime;Drama;Mystery;Sci-Fi,2016,23,series
Prison Break - Season 5,Rockmond Dunbar;Robert Knepper;Wentworth Miller,HD,,prison break - season 5;gostream;watchfree;free movies;watch series;series9,Action;Crime;Drama,02017,9,series
Orange Is the New Black - Season 5,Taylor Schilling;Danielle Brooks;Taryn Manning,HD,,orange is the new black - season 5;gostream;watchfree;free movies;watch series;series9,Comedy;Crime;Drama,2017,13,series
Just Tattoo of Us - Season 01,,HD,,just tattoo of us - season 01;gostream;watchfree;free movies;watch series;series9,TV Show,2017,9,series
The Handmaid's Tale - Season 1,Elisabeth Moss;Joseph Fiennes;Yvonne Strahovski;Alexis Bledel;O-T Fagbenle;Max Minghella;Samira Wiley;Jordana Blake;Amanda Brugel;Bahia Watson;Ever Carradine;Elena Khan,HD 720p,,the handmaid's tale - season 1;gostream;watchfree;free movies;watch series;series9,Drama;Sci-Fi,2017,10,series
American Gods - Season 1,Crispin Glover,HD,,american gods - season 1;gostream;watchfree;free movies;watch series;series9,Fantasy;Mystery,2017,8,series
Better Call Saul - Season 3,,HD,,better call saul - season 3;gostream;watchfree;free movies;watch series;series9,Action;Adventure;Crime;Drama,2015,10,series
Fargo - Season 3,Billy Bob Thornton,HD,,fargo - season 3;gostream;watchfree;free movies;watch series;series9,Crime;Drama;Thriller,2015,10,series
Genius (2017) - Season 1,,HD,,genius (2017) - season 1;gostream;watchfree;free movies;watch series;series9,Biography;Drama;History,2017,10,series
Pretty Little Liars - Season 7,Troian Bellisario,HD,,pretty little liars - season 7;gostream;watchfree;free movies;watch series;series9,Drama;Mystery;Romance,2016,20,series
Heartbeat - Season 1,Issac Wolf,HD,,heartbeat - season 1;gostream;watchfree;free movies;watch series;series9,Drama,2016,10,series
The Vampire Diaries - Season 8,Ian Somerhalder;Nina Dobrev;Paul Wesley,HD,,the vampire diaries - season 8;gostream;watchfree;free movies;watch series;series9,Drama;Fantasy;Horror,2016,16,series
Marvel's Iron Fist,Finn Jones;Jessica Henwick;Jessica Stroup,HD,,marvel's iron fist;gostream;watchfree;free movies;watch series;series9,Action;Adventure;Crime,02017,13,series
Star Wars Rebels - Season 3,Freddie Prinze Jr.;Taylor Gray;Vanessa Marshall,HD,,star wars rebels - season 3;gostream;watchfree;free movies;watch series;series9,Action;Adventure;Animation,2016,21,series
Line of Duty - Season 4,,HD,,line of duty - season 4;gostream;watchfree;free movies;watch series;series9,Crime;Drama,2016,1,series
Legion - Season 1,Dan Stevens;Mackenzie Gray;Jean Smart,HD,,legion - season 1;gostream;watchfree;free movies;watch series;series9,Action;Drama,2017,8,series
13 Reasons Why - Season 1,Justin Prentice;Miles Heizer;Devin Druid;Katherine Langford;Christian Navarro;Michael Sadler;Jillian Nordby;Kyra Cromwell,HD,,13 reasons why - season 1;gostream;watchfree;free movies;watch series;series9,Drama;Mystery,2017,13,series
Black Sails - Season 4,Hannah New;Jessica Parker Kennedy;Toby Stephens,HD,,black sails - season 4;gostream;watchfree;free movies;watch series;series9,Adventure;Musical,2017,10,series
The Walking Dead - Season 7,Andrew Lincoln;Melissa McBride;Norman Reedus,HD,,the walking dead - season 7;gostream;watchfree;free movies;watch series;series9,Drama;Horror;Sci-Fi,2016,16,series
DC's Legends of Tomorrow - Season 2,Dominic Purcell;Victor Garber;Brandon Routh;Franz Drameh;Caity Lotz;Amy Pemberton;Arthur Darvill;Ciara Renée,HD,,dc's legends of tomorrow - season 2;gostream;watchfree;free movies;watch series;series9,Action;Adventure;Drama;Sci-Fi,2016,17,series
Valkyrien - Season 1,,HD,,valkyrien - season 1;gostream;watchfree;free movies;watch series;series9,Drama,2017,1,series
